/*
Navicat MySQL Data Transfer

Source Server         : localhostmysql
Source Server Version : 50527
Source Host           : localhost:3306
Source Database       : jk19

Target Server Type    : MYSQL
Target Server Version : 50527
File Encoding         : 65001

Date: 2017-02-16 21:39:51
*/

SET FOREIGN_KEY_CHECKS=0;

-- ----------------------------
-- Table structure for contract_c
-- ----------------------------
DROP TABLE IF EXISTS `contract_c`;
CREATE TABLE `contract_c` (
  `CONTRACT_ID` varchar(40) NOT NULL,
  `OFFEROR` varchar(200) DEFAULT NULL,
  `CONTRACT_NO` varchar(50) DEFAULT NULL,
  `SIGNING_DATE` datetime DEFAULT NULL,
  `INPUT_BY` varchar(30) DEFAULT NULL,
  `CHECK_BY` varchar(30) DEFAULT NULL,
  `INSPECTOR` varchar(30) DEFAULT NULL,
  `TOTAL_AMOUNT` decimal(10,2) DEFAULT NULL,
  `CREQUEST` varchar(2000) DEFAULT NULL,
  `CUSTOM_NAME` varchar(200) DEFAULT NULL,
  `SHIP_TIME` timestamp NOT NULL DEFAULT CURRENT_TIMESTAMP ON UPDATE CURRENT_TIMESTAMP,
  `IMPORT_NUM` int(11) DEFAULT NULL COMMENT '打印时标识几个星,对应说明中的内容\r\n            不能存储特殊字符星星，jstl判断失效',
  `DELIVERY_PERIOD` timestamp NOT NULL DEFAULT '0000-00-00 00:00:00',
  `OLD_STATE` int(11) DEFAULT NULL COMMENT '归档前状态, 方便回退',
  `OUT_STATE` int(11) DEFAULT NULL COMMENT '0未走货 1部分 2全部\r\n            \r\n            归档后, 其他选择合同的地方均去除.\r\n            表示合同已完成, 不论是否合同的货物是否全部真的走完, 因为有赔付等其他情况',
  `TRADE_TERMS` varchar(30) DEFAULT NULL,
  `PRINT_STYLE` char(1) DEFAULT NULL COMMENT '宽2:一页两个货物  窄1:一页一个货物',
  `REMARK` varchar(600) DEFAULT NULL,
  `STATE` int(11) DEFAULT NULL COMMENT '0草稿 1已上报待报运\r\n            \r\n            归档后, 其他选择合同的地方均去除.\r\n            表示合同已完成, 不论是否合同的货物是否全部真的走完, 因为有赔付等其他情况',
  `CREATE_BY` varchar(40) DEFAULT NULL,
  `CREATE_DEPT` varchar(40) DEFAULT NULL,
  `CREATE_TIME` timestamp NOT NULL DEFAULT '0000-00-00 00:00:00',
  `UPDATE_BY` varchar(40) DEFAULT NULL,
  `UPDATE_TIME` timestamp NOT NULL DEFAULT '0000-00-00 00:00:00',
  PRIMARY KEY (`CONTRACT_ID`)
) ENGINE=InnoDB DEFAULT CHARSET=utf8;

-- ----------------------------
-- Records of contract_c
-- ----------------------------
INSERT INTO `contract_c` VALUES ('2c90c5004ad63735014ad6d16f2e0004', '', '合同号A', null, '制单人：', '', '验货员：', '0.00', '', '客户名称A', '2015-01-11 10:27:37', '3', '2015-01-11 10:27:37', null, null, '', '2', '', '0', '2e7c8ad9-1033-42fb-a0ad-6e491b73d274', 'aeb1c7d3-9a54-4f73-b0ec-0325b83aef45', '2015-01-11 10:27:37', null, '2015-01-11 10:27:37');
INSERT INTO `contract_c` VALUES ('2c90c5004ad63735014ad6d204060005', '', '合同号：B', null, '', '', '', '0.00', '', '客户名称B', '2015-01-11 10:28:15', '3', '2015-01-11 10:28:15', null, null, '', '2', '', '0', 'e041f064-b115-4e19-b76e-b515d1fc1fa9', 'aeb1c7d3-9a54-4f73-b0ec-0325b83aef45', '2015-01-11 10:28:15', null, '2015-01-11 10:28:15');
INSERT INTO `contract_c` VALUES ('4028817a3357462e0133591b86ec0002', '陕西杰信商务发展有限公司', 'C/3817/11', '2011-10-31 00:00:00', '杨丽', '', '吕晓波', '10800.00', '★   产品与封样无明显差异，唛头、标签及包装质量务必符合公司要求。 \r\n ★★  产品生成前期、中期、后期抽验率不得少于10%，质量和封样一致， \r\n       并将验货照片传回公司。 \r\n★★★ 重点客人的质量标准检验，产品抽验率不得少于50%，务必做到入箱前检查。 \r\n 交期：2011年12月15日/工厂,没有经过我司同意无故延期交货造成严重后果的，按照客人的相关要求处理。 \r\n 开票：出货后请将增值税发票、验货报告、合同复印件及出库单一并寄至我司，以便我司安排付款。', 'BEAKIE LEE', '2015-09-21 19:53:43', '1', '2011-12-15 00:00:00', null, null, null, '2', '', '2', null, null, '2015-09-02 00:00:00', null, '2015-09-02 00:00:00');
INSERT INTO `contract_c` VALUES ('4028817a3357462e01336cc0877b0010', '陕西杰信商务发展有限公司', '11JK1080', '2011-11-04 00:00:00', '杨丽', '', '吕晓波', '2318.40', '★   产品与封样无明显差异，唛头、标签及包装质量务必符合公司要求。 \r\n ★★  产品生成前期、中期、后期抽验率不得少于10%，质量和封样一致， \r\n       并将验货照片传回公司。 \r\n★★★ 重点客人的质量标准检验，产品抽验率不得少于50%，务必做到入箱前检查。 \r\n 交期：2011年12月10日/工厂。毛坯送至祁县瑞成玻璃镀膜厂。 \r\n       没有经过我司同意无故延期交货造成严重后果的，按照客人的相关要求处理。 \r\n 开票：出货后请将增值税发票、验货报告、合同复印件及出库单一并寄至我司，以便我司安排付款。', '', '2015-09-21 19:53:43', '3', '2011-12-10 00:00:00', null, null, null, '1', '待样品确认后方可安排生产', '2', null, null, '2015-09-02 00:00:00', null, '2015-09-02 00:00:00');
INSERT INTO `contract_c` VALUES ('4028817a3357462e01336d3a0be10014', '陕西杰信商务发展有限公司', '11JK1078', '2011-11-04 00:00:00', '杨丽', '', '李春光', '54120.00', '★   产品与封样无明显差异，唛头、标签及包装质量务必符合公司要求。 \r\n ★★  产品生成前期、中期、后期抽验率不得少于10%，质量和封样一致， \r\n       并将验货照片传回公司。 \r\n★★★ 重点客人的质量标准检验，产品抽验率不得少于50%，务必做到入箱前检查。 \r\n 交期：2011年11月15日/工厂。 \r\n       没有经过我司同意无故延期交货造成严重后果的，按照客人的相关要求处理。 \r\n 开票：出货后请将增值税发票、验货报告、合同复印件及出库单一并寄至我司，以便我司安排付款。', '', '2015-09-21 19:53:44', '3', '2011-11-15 00:00:00', null, null, null, '2', '', '2', null, null, '2015-09-02 00:00:00', null, '2015-09-02 00:00:00');
INSERT INTO `contract_c` VALUES ('4028817a3357462e01336d523195001a', '陕西杰信商务发展有限公司', 'C/3847/11', '2011-12-02 00:00:00', '杨丽', '', '李春光', '39240.00', '★   产品与封样无明显差异，唛头、标签及包装质量务必符合公司要求。 \r\n ★★  产品生成前期、中期、后期抽验率不得少于10%，质量和封样一致， \r\n       并将验货照片传回公司。 \r\n★★★ 重点客人的质量标准检验，产品抽验率不得少于50%，务必做到入箱前检查。\r\n 交期：2011年12月15日/工厂。 \r\n       没有经过我司同意无故延期交货造成严重后果的，按照客人的相关要求处理。 \r\n 开票：出货后请将增值税发票、验货报告、合同复印件及出库单一并寄至我司，以便我司安排付款。', 'HOME', '2015-09-21 19:53:44', '3', '2011-12-15 00:00:00', null, null, '', '2', '', '1', null, null, '2015-09-02 00:00:00', null, '2015-09-02 00:00:00');
INSERT INTO `contract_c` VALUES ('4028817a33812ffd0133813f25940001', '陕西杰信商务发展有限公司', 'C/3861/11', '2011-11-08 00:00:00', '杨丽', '', '吕晓波', '165378.00', '★   产品与封样无明显差异，唛头、标签及包装质量务必符合公司要求。 \r\n ★★  产品生产前期、中期、后期抽验率不得少于10%，质量和封样一致， \r\n       并将验货照片传回公司。 \r\n★★★ 重点客人的质量标准检验，产品抽验率不得少于50%，务必做到入箱前检查。 \r\n 包装：产品用白纸，瓦楞纸，气泡纸包裹后入内盒，大箱，大箱用胶带纸工字封口；\r\n 交期：2012年1月10日/工厂。 \r\n       没有经过我司同意无故延期交货造成严重后果的，按照客人的相关要求处理。 \r\n 开票：出货后请将增值税发票、验货报告、合同复印件及出库单一并寄至我司，以便我司安排付款。', 'HOME', '2015-09-21 19:53:45', '3', '2012-01-10 00:00:00', null, null, null, '2', '', '1', null, null, '2015-09-02 00:00:00', null, '2015-09-02 00:00:00');
INSERT INTO `contract_c` VALUES ('4028817a33812ffd013382048ff80024', '陕西杰信商务发展有限公司', '11JK1082', '2011-11-08 00:00:00', '杨丽', '', '李春光', '40200.00', '★   产品与封样无明显差异，唛头、标签及包装质量务必符合公司要求。 \r\n ★★  产品生成前期、中期、后期抽验率不得少于10%，质量和封样一致， \r\n       并将验货照片传回公司。 \r\n★★★ 重点客人的质量标准检验，产品抽验率不得少于50%，务必做到入箱前检查。 \r\n 包装：产品用白纸，瓦楞纸，气泡纸包裹后入内盒，大箱，大箱用胶带纸工字封口；\r\n 交期：2011年12月30日/工厂。  \r\n       没有经过我司同意无故延期交货造成严重后果的，按照客人的相关要求处理。 \r\n 开票：出货后请将增值税发票、验货报告、合同复印件及出库单一并寄至我司，以便我司安排付款。', 'MSA', '2015-09-21 19:53:46', '3', '2011-12-30 00:00:00', null, null, null, '2', '', '1', null, null, '2015-09-02 00:00:00', null, '2015-09-02 00:00:00');
INSERT INTO `contract_c` VALUES ('4028817a33812ffd0133821a8eb5002b', '陕西杰信商务发展有限公司', '11JK1084', '2011-11-08 00:00:00', '杨丽', '', '李春光', '10936.00', '★   产品与封样无明显差异，唛头、标签及包装质量务必符合公司要求。 \r\n ★★  产品生成前期、中期、后期抽验率不得少于10%，质量和封样一致， \r\n       并将验货照片传回公司。 \r\n★★★ 重点客人的质量标准检验，产品抽验率不得少于50%，务必做到入箱前检查。 \r\n 交期：2011年12月20日/工厂。毛坯送至祁县瑞成玻璃镀膜厂。 \r\n       没有经过我司同意无故延期交货造成严重后果的，按照客人的相关要求处理。 \r\n 开票：出货后请将增值税发票、验货报告、合同复印件及出库单一并寄至我司，以便我司安排付款。', 'ONE WORLD', '2015-01-10 19:55:08', '3', '2011-12-20 00:00:00', null, null, null, '2', '', '1', null, null, '2015-09-02 00:00:00', null, '2015-09-02 00:00:00');
INSERT INTO `contract_c` VALUES ('4028817a33d4f8b40133d9878e88000d', '陕西杰信商务发展有限公司', '11JK1070', '2011-10-20 00:00:00', '杨丽', '', '', '55789.00', '★   产品与封样无明显差异，唛头、标签及包装质量务必符合公司要求。 \r\n ★★  产品生成前期、中期、后期抽验率不得少于10%，质量和封样一致， \r\n       并将验货照片传回公司。 \r\n★★★ 重点客人的质量标准检验，产品抽验率不得少于50%，务必做到入箱前检查。 \r\n 交期：2011年11月5日/工厂。 \r\n       没有经过我司同意无故延期交货造成严重后果的，按照客人的相关要求处理。 \r\n 开票：出货后请将增值税发票、验货报告、合同复印件及出库单一并寄至我司，以便我司安排付款。', '', '2015-01-10 19:55:08', '3', '2011-11-05 00:00:00', null, null, null, '2', '', '1', null, null, '2015-09-02 00:00:00', null, '2015-09-02 00:00:00');
INSERT INTO `contract_c` VALUES ('4028817a33d4f8b40133d991a50d0019', '陕西杰信商务发展有限公司', '11JK1066', '2011-11-25 00:00:00', '杨丽', '', '李春光', '146184.00', '★   产品与封样无明显差异，唛头、标签及包装质量务必符合公司要求。 \r\n ★★  产品生成前期、中期、后期抽验率不得少于10%，质量和封样一致， \r\n       并将验货照片传回公司。 \r\n★★★ 重点客人的质量标准检验，产品抽验率不得少于50%，务必做到入箱前检查。 \r\n 交期：2011年12月5日/工厂。\r\n       没有经过我司同意无故延期交货造成严重后果的，按照客人的相关要求处理。 \r\n 开票：出货后请将增值税发票、验货报告、合同复印件及出库单一并寄至我司，以便我司安排付款。', '', '2015-01-10 19:55:08', '3', '2011-12-05 00:00:00', null, null, null, '2', '待样品确认后方可安排生产', '0', null, null, '2015-09-02 00:00:00', null, '2015-09-02 00:00:00');
INSERT INTO `contract_c` VALUES ('4028817a33d4f8b40133d9bea39b002f', '陕西杰信商务发展有限公司', '11JK1060', '2011-11-25 00:00:00', '杨丽', '', '', '152072.00', '★   产品与封样无明显差异，唛头、标签及包装质量务必符合公司要求。 \r\n ★★  产品生成前期、中期、后期抽验率不得少于10%，质量和封样一致， \r\n       并将验货照片传回公司。 \r\n★★★ 重点客人的质量标准检验，产品抽验率不得少于50%，务必做到入箱前检查。 \r\n 交期：2011年12月15日/工厂。\r\n       没有经过我司同意无故延期交货造成严重后果的，按照客人的相关要求处理。 \r\n 开票：出货后请将增值税发票、验货报告、合同复印件及出库单一并寄至我司，以便我司安排付款。', 'COACH HOUSE', '2015-01-10 19:55:08', '3', '2011-12-15 00:00:00', null, null, null, '2', '', '0', null, null, '2015-09-02 00:00:00', null, '2015-09-02 00:00:00');
INSERT INTO `contract_c` VALUES ('4028817a33fc4e280133fd81e7d7001d', '陕西杰信商务发展有限公司', '11JK1068', '2011-10-14 00:00:00', '杨丽', '', '', '102711.80', '★   产品与封样无明显差异，唛头、标签及包装质量务必符合公司要求。 \r\n ★★  产品生产前期、中期、后期抽验率不得少于10%，质量和封样一致， \r\n       并将验货照片传回公司。 \r\n★★★ 重点客人的质量标准检验，产品抽验率不得少于50%，务必做到入箱前检查。 \r\n 交期：2011年12月15日/工厂。\r\n       没有经过我司同意无故延期交货造成严重后果的，按照客人的相关要求处理。 \r\n 开票：出货后请将增值税发票、验货报告、合同复印件及出库单一并寄至我司，以便我司安排付款。', 'ELAD', '2015-01-10 19:55:08', '3', '2011-12-15 00:00:00', null, null, null, '2', '', '0', null, null, '2015-09-02 00:00:00', null, '2015-09-02 00:00:00');
INSERT INTO `contract_c` VALUES ('4028817a33fc4e280133fd9f8b4e002f', '陕西杰信商务发展有限公司', '11JK1072', '2011-10-20 00:00:00', '杨丽', '', '', '99918.00', '★   产品与封样无明显差异，唛头、标签及包装质量务必符合公司要求。 \r\n ★★  产品生产前期、中期、后期抽验率不得少于10%，质量和封样一致， \r\n       并将验货照片传回公司。 \r\n★★★ 重点客人的质量标准检验，产品抽验率不得少于50%，务必做到入箱前检查。 \r\n 交期：2011年12月15日/工厂。\r\n       没有经过我司同意无故延期交货造成严重后果的，按照客人的相关要求处理。 \r\n 开票：出货后请将增值税发票、验货报告、合同复印件及出库单一并寄至我司，以便我司安排付款。', 'BRISSI', '2015-01-10 19:55:08', '3', '2011-12-15 00:00:00', null, null, null, '2', '', '1', null, null, '2015-09-02 00:00:00', null, '2015-09-02 00:00:00');
INSERT INTO `contract_c` VALUES ('4028817a3420e78a013421a693730001', '陕西杰信商务发展有限公司', 'C/4040/11', '2011-12-09 00:00:00', '杨丽', '', '李春光', '114640.00', '★   产品与封样无明显差异，唛头、标签及包装质量务必符合公司要求。 \r\n ★★  产品生产前期、中期、后期抽验率不得少于10%，质量和封样一致， \r\n       并将验货照片传回公司。 \r\n★★★ 重点客人的质量标准检验，产品抽验率不得少于50%，务必做到入箱前检查。 \r\n 交期：2012年2月15日/工厂。\r\n       没有经过我司同意无故延期交货造成严重后果的，按照客人的相关要求处理。 \r\n 开票：出货后请将增值税发票、验货报告、合同复印件及出库单一并寄至我司，以便我司安排付款。', 'HOME', '2015-01-10 19:55:08', '1', '2012-02-15 00:00:00', null, null, null, '2', '', '1', null, null, '2015-09-02 00:00:00', null, '2015-09-02 00:00:00');
INSERT INTO `contract_c` VALUES ('4028817a353b8d8e01353d15008d0046', '陕西杰信商务发展有限公司', 'C/4104/11', '2012-02-02 00:00:00', '杨丽', '', '', '37749.00', '★   产品与封样无明显差异，唛头、标签及包装质量务必符合公司要求。 \r\n ★★  产品生产前期、中期、后期抽验率不得少于10%，质量和封样一致， \r\n       并将验货照片传回公司。 \r\n★★★ 重点客人的质量标准检验，产品抽验率不得少于50%，务必做到入箱前检查。 \r\n 交期：2012年2月15日/工厂。 \r\n       没有经过我司同意无故延期交货造成严重后果的，按照客人的相关要求处理。 \r\n 开票：出货后请将增值税发票、验货报告、合同复印件及出库单一并寄至我司，以便我司安排付款。', 'HOME', '2015-01-10 19:55:08', '3', '2012-02-15 00:00:00', null, null, 'T/T', '2', '', '1', null, null, '2015-09-02 00:00:00', null, '2015-09-02 00:00:00');

-- ----------------------------
-- Table structure for contract_product_c
-- ----------------------------
DROP TABLE IF EXISTS `contract_product_c`;
CREATE TABLE `contract_product_c` (
  `CONTRACT_PRODUCT_ID` varchar(40) NOT NULL,
  `CONTRACT_ID` varchar(40) DEFAULT NULL,
  `FACTORY_ID` varchar(40) DEFAULT NULL,
  `FACTORY_NAME` varchar(200) DEFAULT NULL COMMENT '冗余',
  `PRODUCT_NO` varchar(50) DEFAULT NULL,
  `PRODUCT_IMAGE` varchar(200) DEFAULT NULL,
  `PRODUCT_DESC` varchar(600) DEFAULT NULL,
  `LOADING_RATE` varchar(30) DEFAULT NULL COMMENT '报运：x/y',
  `BOX_NUM` int(11) DEFAULT NULL COMMENT '报运',
  `PACKING_UNIT` varchar(10) DEFAULT NULL COMMENT 'PCS/SETS',
  `CNUMBER` int(11) DEFAULT NULL,
  `OUT_NUMBER` int(11) DEFAULT NULL COMMENT '报运',
  `FINISHED` int(11) DEFAULT NULL COMMENT '报运',
  `PRODUCT_REQUEST` varchar(2000) DEFAULT NULL,
  `PRICE` decimal(10,2) DEFAULT NULL,
  `AMOUNT` decimal(10,2) DEFAULT NULL COMMENT '自动计算: 数量x单价',
  `ORDER_NO` int(11) DEFAULT NULL,
  PRIMARY KEY (`CONTRACT_PRODUCT_ID`),
  KEY `FK6289B9E6F17C2D98` (`CONTRACT_ID`),
  KEY `FK6289B9E6586B149C` (`FACTORY_ID`),
  CONSTRAINT `FK6289B9E6586B149C` FOREIGN KEY (`FACTORY_ID`) REFERENCES `factory_c` (`FACTORY_ID`),
  CONSTRAINT `FK6289B9E6F17C2D98` FOREIGN KEY (`CONTRACT_ID`) REFERENCES `contract_c` (`CONTRACT_ID`)
) ENGINE=InnoDB DEFAULT CHARSET=utf8;

-- ----------------------------
-- Records of contract_product_c
-- ----------------------------
INSERT INTO `contract_product_c` VALUES ('4028817a3357462e0133591b86ec0003', '4028817a3357462e0133591b86ec0002', '2', '光华', '2965', '08.png', '2ba24918-4c3c-4632-8d8a-9d475d5e4d2d.png', '全明料糖缸带盖子\r\n尺寸：16X40CM高  底径：11CM', '1', 'PCS', '144', '144', '0', null, '17.00', '2448.00', '2');
INSERT INTO `contract_product_c` VALUES ('4028817a3357462e0133591b86ec0004', '4028817a3357462e0133591b86ec0002', '2', '光华', '2964', '05.png', 'ad25929a-27f5-4065-bb9f-6d4788d395ee.png', '全明料糖缸带盖子\r\n尺寸：19X48CM高  底径：13.5', '1', 'PCS', '144', '144', '0', null, '24.00', '3456.00', '1');
INSERT INTO `contract_product_c` VALUES ('4028817a3357462e0133592355750005', '4028817a3357462e0133591b86ec0002', '2', '光华', '2977', '06.png', 'b5480a29-da8c-41e1-b91c-54a9fdb15834.png', '全明料圆肚糖缸带盖子\r\n尺寸：16X36CM高    底径：', '1', 'PCS', '144', '144', '0', null, '17.00', '2448.00', '4');
INSERT INTO `contract_product_c` VALUES ('4028817a3357462e0133592355750006', '4028817a3357462e0133591b86ec0002', '2', '光华', '2976', '07.png', 'af417c8a-e44f-406e-b226-194d8a61df75.png', '全明料糖缸带盖子\r\n尺寸：17.5X41CM高   底径：1', '1', 'PCS', '144', '144', '0', null, '17.00', '2448.00', '3');
INSERT INTO `contract_product_c` VALUES ('4028817a3357462e01336cc0879b0011', '4028817a3357462e01336cc0877b0010', '3', '会龙', 'JK1700011', null, '05702b8f-6bda-4bca-9c4d-f15c18f279eb.png', '全明料方形黄油缸\r\n尺寸：罩子：7.3X8CM高   盘：6', '24', 'PCS', '504', '504', '0', null, '4.60', '2318.40', '1');
INSERT INTO `contract_product_c` VALUES ('4028817a3357462e01336d3a0be10015', '4028817a3357462e01336d3a0be10014', '7', '天顺', 'JK1014003', null, '699176d9-c242-42d2-8661-9ce712bba97a.png', '全明料盘子，烤鱼白花纸\r\n盘子直径：27CM\r\n2只/五层内', '2', 'PCS', '1200', '1200', '0', null, '7.50', '9000.00', '3');
INSERT INTO `contract_product_c` VALUES ('4028817a3357462e01336d3a0be10016', '4028817a3357462e01336d3a0be10014', '1', '宏艺', 'JK1014001', null, 'a2ffd39f-18d5-4a6b-89a2-bc91df4926f5.png', '全明料大碗，烤鱼白花纸\r\n尺寸：23X11CM高\r\n1只/五', '1', 'PCS', '1000', '1000', '0', null, '16.50', '16500.00', '2');
INSERT INTO `contract_product_c` VALUES ('4028817a3357462e01336d3a0be10017', '4028817a3357462e01336d3a0be10014', '1', '宏艺', 'JK1014006', null, 'edc6f494-cc9f-41f2-a04c-edff659df1af.png', '全明料低口杯，烤6种白花纸\r\n尺寸：7.3X10.5CM高\r', '6', 'PCS', '1800', '1800', '0', null, '5.30', '9540.00', '5');
INSERT INTO `contract_product_c` VALUES ('4028817a3357462e01336d3a0be10018', '4028817a3357462e01336d3a0be10014', '1', '宏艺', 'JK1014005', null, '9ed4ab1e-d425-4b8d-beb3-1fa6dc63d1df.png', '全明料低口杯，烤鱼白花纸\r\n尺寸：7.3X10.5CM高\r\n', '4', 'PCS', '1800', '1800', '0', null, '5.30', '9540.00', '4');
INSERT INTO `contract_product_c` VALUES ('4028817a3357462e01336d3a0be10019', '4028817a3357462e01336d3a0be10014', '1', '宏艺', 'JK1080766-3', null, '21b5e24a-a58a-4a58-a705-1595faeec581.png', '全明料低口杯，烤3种不同的白花纸\r\n尺寸：7.3X10.5C', '3', 'PCS', '1800', '1800', '0', null, '5.30', '9540.00', '1');
INSERT INTO `contract_product_c` VALUES ('4028817a3357462e01336d523195001b', '4028817a3357462e01336d523195001a', '7', '天顺', '8708/6203', null, '1bab511c-4f4c-4de7-8b65-4ccdcd00a569.png', '怪虫小碗，喷紫色，喷漆，喷珠光\r\n直径：18CM\r\n4只/内', '4', 'PCS', '600', '600', '0', null, '6.50', '3900.00', '1');
INSERT INTO `contract_product_c` VALUES ('4028817a3357462e01336d5e8a59001c', '4028817a3357462e01336d523195001a', '7', '天顺', '9749/6525', null, '143a4aa8-894d-4226-a461-eac712567360.png', '怪虫碗，喷绿色，喷漆，喷珠光\r\n直径：18CM\r\n4只/内盒', '4', 'PCS', '600', '600', '0', null, '6.50', '3900.00', '6');
INSERT INTO `contract_product_c` VALUES ('4028817a3357462e01336d5e8a59001d', '4028817a3357462e01336d523195001a', '7', '天顺', '9226/6116', null, 'fcf3f5a9-a405-4f33-abb9-f317c60f1453.png', '海星盘，喷绿色，喷漆，喷珠光\r\n直径：31CM\r\n4只/内盒', '4', 'PCS', '408', '408', '0', null, '11.00', '4488.00', '3');
INSERT INTO `contract_product_c` VALUES ('4028817a3357462e01336d5e8a59001e', '4028817a3357462e01336d523195001a', '7', '天顺', '9748/6115', null, '657ac46a-bd23-4a2d-9abe-c552a8fc3727.png', '海星盘，喷蓝色，喷漆，喷珠光\r\n直径：31CM\r\n4只/内盒', '4', 'PCS', '408', '408', '0', null, '11.00', '4488.00', '5');
INSERT INTO `contract_product_c` VALUES ('4028817a3357462e01336d5e8a59001f', '4028817a3357462e01336d523195001a', '7', '天顺', '9956/6308', null, '1ca7fc1c-aad2-4f1e-8c3b-9a1009e22c04.png', '竹节碗，喷蓝色，喷漆，喷珠光\r\n直径：31CM\r\n4只/内盒', '4', 'PCS', '408', '408', '0', null, '11.50', '4692.00', '9');
INSERT INTO `contract_product_c` VALUES ('4028817a3357462e01336d5e8a590020', '4028817a3357462e01336d523195001a', '7', '天顺', '9954/6309', null, '1e15e517-af2a-45c9-8c1e-1f1b592f5f79.png', '竹节碗，喷绿色，喷漆，喷珠光\r\n直径：31CM\r\n4只/内盒', '4', 'PCS', '408', '408', '0', null, '11.50', '4692.00', '7');
INSERT INTO `contract_product_c` VALUES ('4028817a3357462e01336d5e8a590021', '4028817a3357462e01336d523195001a', '7', '天顺', '8709/6204', null, '1a6770a7-033c-4b98-9e2a-60cd2a5081c3.png', '怪虫小碗，喷蓝色，喷漆，喷珠光\r\n直径：18CM\r\n4只/内', '4', 'PCS', '600', '600', '0', null, '6.50', '3900.00', '2');
INSERT INTO `contract_product_c` VALUES ('4028817a3357462e01336d5e8a590022', '4028817a3357462e01336d523195001a', '7', '天顺', '9955/6105', null, '15c6d6ad-3608-4d73-83f3-23f605123b90.png', '竹节碗，喷紫色，喷漆，喷珠光\r\n直径：31CM\r\n4只/内盒', '4', 'PCS', '408', '408', '0', null, '11.50', '4692.00', '8');
INSERT INTO `contract_product_c` VALUES ('4028817a3357462e01336d5e8a590023', '4028817a3357462e01336d523195001a', '7', '天顺', '9227/6092', null, '0ffed7a5-6fd6-4b36-9387-7108bb408fdf.png', '海星盘，喷紫色，喷漆，喷珠光\r\n直径：30CM\r\n4只/内盒', '4', 'PCS', '408', '408', '0', null, '11.00', '4488.00', '4');
INSERT INTO `contract_product_c` VALUES ('4028817a33812ffd0133813f25a30002', '4028817a33812ffd0133813f25940001', '4', '精艺', '4993', '22.png', '3feb6071-7835-48b6-beca-e54202221c3b.png', '全明料死模风灯，电镀花银喷绿色 \r\n明料挺底\r\n尺寸：11.', '1', 'PCS', '300', '300', '0', null, '8.50', '2550.00', '1');
INSERT INTO `contract_product_c` VALUES ('4028817a33812ffd0133813f25a30003', '4028817a33812ffd0133813f25940001', '4', '精艺', '4994', '23.png', '56ada31d-acfc-4261-b28d-8be65ba2a21e.png', '全明料死模风灯，电镀花银喷蓝色\r\n明料挺底\r\n尺寸：11.5', '1', 'PCS', '300', '300', '0', null, '8.50', '2550.00', '2');
INSERT INTO `contract_product_c` VALUES ('4028817a33812ffd0133813f25a30004', '4028817a33812ffd0133813f25940001', '4', '精艺', '4995', '24.png', '9eb0c66c-d682-4f19-b89a-1a4808da5456.png', '全明料死模风灯，电镀花银喷紫色\r\n明料挺底\r\n尺寸：11.5', '1', 'PCS', '300', '300', '0', null, '8.50', '2550.00', '3');
INSERT INTO `contract_product_c` VALUES ('4028817a33812ffd0133816aacc40005', '4028817a33812ffd0133813f25940001', '2', '光华', '9868', '01.png', 'ba10c6b0-34b7-4911-a45c-cc282cf8072d.png', '全明料喇叭底糖缸配盖子\r\n尺寸：16X40CM高\r\n1只/上', '1', 'PCS', '600', '600', '0', null, '16.00', '9600.00', '27');
INSERT INTO `contract_product_c` VALUES ('4028817a33812ffd0133816aacc40006', '4028817a33812ffd0133813f25940001', '7', '天顺', '5099', '14.png', 'd38c8874-e641-4c59-9f6d-eb07df231d44.png', '全明料钻石蛋糕盘粘底座\r\n喷蓝色，喷漆\r\n尺寸：23X11.', '1', 'PCS', '300', '300', '0', null, '11.00', '3300.00', '9');
INSERT INTO `contract_product_c` VALUES ('4028817a33812ffd0133816aacc40007', '4028817a33812ffd0133813f25940001', '4028817a33d4f8b40133d9989f5e0024', '民鑫', '5094', '20.png', '662d9320-a8b7-4957-8d73-e4560e12e0e7.png', '全明料冰花风灯，粘电镀底座  \r\n尺寸：15.8X32CM高', '1', 'PCS', '300', '300', '0', null, '14.50', '4350.00', '7');
INSERT INTO `contract_product_c` VALUES ('4028817a33812ffd0133816aacc40008', '4028817a33812ffd0133813f25940001', '2', '光华', '5189', '02.png', 'a2a503a3-f0cd-49b4-b05c-8ea55ecbe2bf.png', '全明料竖棱风灯，粘电镀底座\r\n底座由我司提供\r\n尺寸：20X', '1', 'PCS', '300', '300', '0', null, '14.00', '4200.00', '12');
INSERT INTO `contract_product_c` VALUES ('4028817a33812ffd0133816aacc40009', '4028817a33812ffd0133813f25940001', '4', '精艺', '5331', '25.png', '1b211d97-1def-49c6-90a8-8097bbd07f68.png', '全明料死模风灯，电镀花银喷绿色\r\n\r\n尺寸：17X23CM高', '1', 'PCS', '300', '300', '0', null, '11.50', '3450.00', '13');
INSERT INTO `contract_product_c` VALUES ('4028817a33812ffd0133816aacc4000a', '4028817a33812ffd0133813f25940001', '4028817a33d4f8b40133d9989f5e0024', '民鑫', '5095', '21.png', '7b5d7395-40b4-45ad-9c42-c7050e232448.png', '全明料冰花风灯，粘明料底座 \r\n尺寸：15.8X32CM高\r', '1', 'PCS', '300', '300', '0', null, '14.00', '4200.00', '8');
INSERT INTO `contract_product_c` VALUES ('4028817a33812ffd0133816aacd4000b', '4028817a33812ffd0133813f25940001', '2', '光华', '843MA', '03.png', 'c0229e90-0a5b-438d-8b07-4acd238b142b.png', '全明料喇叭底糖缸，带盖子	\r\n盖子：10CMX10.3CM高', '1', 'PCS', '600', '600', '0', null, '16.00', '9600.00', '21');
INSERT INTO `contract_product_c` VALUES ('4028817a33812ffd0133816aacd4000c', '4028817a33812ffd0133813f25940001', '4', '精艺', '4997', '27.png', '0fdad1e1-452c-4ae4-a354-49688bd41778.png', '全明料死模风灯，电镀花银喷蓝色	\r\n明料挺底	\r\n尺寸：11', '1', 'PCS', '300', '300', '0', null, '10.50', '3150.00', '5');
INSERT INTO `contract_product_c` VALUES ('4028817a33812ffd0133816aacd4000d', '4028817a33812ffd0133813f25940001', '4', '精艺', '4996', '26.png', '7ae6c20e-0f57-4fab-9e40-22d1a486e943.png', '全明料死模风灯，电镀花银喷绿色\r\n明料挺底\r\n尺寸：11.5', '1', 'PCS', '300', '300', '0', null, '10.50', '3150.00', '4');
INSERT INTO `contract_product_c` VALUES ('4028817a33812ffd0133816aacd4000e', '4028817a33812ffd0133813f25940001', '2', '光华', '600MA', '05.png', '958fe4fb-db40-4977-bf2e-2c2db29d65f3.png', '全明料蛋糕盘+罩子,磨口抛光\r\n蛋糕罩子尺寸：17.5X15', '1', 'PCS', '600', '600', '0', null, '18.00', '10800.00', '17');
INSERT INTO `contract_product_c` VALUES ('4028817a33812ffd0133816aacd4000f', '4028817a33812ffd0133813f25940001', '2', '光华', '602MA', '06.png', '624ab3d2-12f3-4dd8-b438-c03a3018b170.png', '全明平光蛋糕盘+罩子,磨口抛光\r\n蛋糕罩子尺寸：17.5X1', '1', 'PCS', '600', '600', '0', null, '19.00', '11400.00', '18');
INSERT INTO `contract_product_c` VALUES ('4028817a33812ffd0133816aacd40010', '4028817a33812ffd0133813f25940001', '2', '光华', '8759', '07.png', 'f92f57f8-65de-42be-9814-bad100059d23.png', '全明料竖棱糖缸配盖子\r\n尺寸：16.5X40CM高\r\n1只/', '1', 'PCS', '600', '600', '0', null, '15.00', '9000.00', '25');
INSERT INTO `contract_product_c` VALUES ('4028817a33812ffd0133816aacd40011', '4028817a33812ffd0133813f25940001', '2', '光华', '6998', '04.png', '3be8121c-867d-4745-bebf-3844e6a05589.png', '全明料蛋糕盘+蛋糕罩 \r\n盘子沿电镀，罩子上珠描白金。\r\n尺', '1', 'PCS', '300', '300', '0', null, '19.00', '5700.00', '20');
INSERT INTO `contract_product_c` VALUES ('4028817a33812ffd0133816aacd40012', '4028817a33812ffd0133813f25940001', '2', '光华', '5118', '08.png', '635cdf31-8e48-45f3-886c-5fffd532175b.png', '全明料蛋糕盘+罩子\r\n罩子上烤白金字母花纸（SWEETS)\r', '1', 'PCS', '300', '300', '0', null, '16.00', '4800.00', '11');
INSERT INTO `contract_product_c` VALUES ('4028817a33812ffd0133816aacd40013', '4028817a33812ffd0133813f25940001', '7', '天顺', '8708', '15.png', '39b3ac6f-fb30-4b37-8fff-a07fb88aef15.png', '怪虫小碗，喷紫色，喷漆，喷珠光\r\n尺寸：18CX9CM高\r\n', '1', 'PCS', '600', '600', '0', null, '6.50', '3900.00', '23');
INSERT INTO `contract_product_c` VALUES ('4028817a33812ffd0133816aacd40014', '4028817a33812ffd0133813f25940001', '4', '精艺', '5336', '29.png', '466ba3d1-94b5-44ca-92c9-98631bf3b92b.png', '全明料死模风灯，电镀花银喷绿色	\r\n 	\r\n尺寸：14.5X', '1', 'PCS', '300', '300', '0', null, '8.00', '2400.00', '14');
INSERT INTO `contract_product_c` VALUES ('4028817a33812ffd0133816aacd40015', '4028817a33812ffd0133813f25940001', '4', '精艺', '5337', '28.png', '78ff069b-327e-488e-a629-b76bed0efb98.png', '全明料死模风灯，电镀花银喷蓝色\r\n\r\n尺寸：14.5X20C', '1', 'PCS', '300', '300', '0', null, '8.00', '2400.00', '15');
INSERT INTO `contract_product_c` VALUES ('4028817a33812ffd0133816aacd40016', '4028817a33812ffd0133813f25940001', '2', '光华', '603MA', '09.png', 'ea12f8ba-afc1-4651-bc10-432c85fcb091.png', '全明平光蛋糕盘+罩子,磨口抛光\r\n蛋糕罩子尺寸：17.5X1', '1', 'PCS', '600', '600', '0', null, '20.00', '12000.00', '19');
INSERT INTO `contract_product_c` VALUES ('4028817a33812ffd0133816aacd40017', '4028817a33812ffd0133813f25940001', '2', '光华', '5117', '10.png', '4f7fdc19-c276-47da-aced-5cec4e02be08.png', '全明料蛋糕盘+罩子\r\n罩上烤白金字母花纸（SWEETS)\r\n', '1', 'PCS', '300', '300', '0', null, '17.00', '5100.00', '10');
INSERT INTO `contract_product_c` VALUES ('4028817a33812ffd0133816aacd40018', '4028817a33812ffd0133813f25940001', '4', '精艺', '5400', '31.png', '3b810117-19c6-446e-886f-d3b2fd5ba411.png', '全明料死模风灯，电镀花银喷蓝色\r\n \r\n尺寸：17X23CM', '1', 'PCS', '300', '300', '0', null, '11.50', '3450.00', '16');
INSERT INTO `contract_product_c` VALUES ('4028817a33812ffd0133816aacd40019', '4028817a33812ffd0133813f25940001', '4', '精艺', '4998', '30.png', '0c400655-fb24-4781-aae1-eaa30e31ad4c.png', '全明料死模风灯，电镀花银喷紫色\r\n明料挺底\r\n尺寸：11.5', '1', 'PCS', '300', '300', '0', null, '10.50', '3150.00', '6');
INSERT INTO `contract_product_c` VALUES ('4028817a33812ffd0133816aacd4001a', '4028817a33812ffd0133813f25940001', '2', '光华', '8760', '11.png', '2aaba753-e5d2-4c42-badf-cc16acf81d2b.png', '全明料竖棱糖缸配盖子\r\n尺寸：16.5X51CM高\r\n\r\n1', '1', 'PCS', '600', '600', '0', null, '16.00', '9600.00', '26');
INSERT INTO `contract_product_c` VALUES ('4028817a33812ffd0133816aacd4001b', '4028817a33812ffd0133813f25940001', '2', '光华', '844MA', '12.png', '6f6f097f-ae83-4ecb-80c6-ec1e93353985.png', '全明料糖缸带盖子\r\n盖子：9.3X13.3CM高 壁厚3MM', '1', 'PCS', '600', '600', '0', null, '16.00', '9600.00', '22');
INSERT INTO `contract_product_c` VALUES ('4028817a33812ffd0133816aacd4001c', '4028817a33812ffd0133813f25940001', '2', '光华', '9869', '13.png', 'be81bc6b-610b-45fa-bb8b-5156d8de9d52.png', '全明料喇叭底糖缸配盖子\r\n尺寸：19X40CM高\r\n1只/上', '1', 'PCS', '600', '600', '0', null, '16.00', '9600.00', '28');
INSERT INTO `contract_product_c` VALUES ('4028817a33812ffd0133816aacd4001d', '4028817a33812ffd0133813f25940001', '7', '天顺', '8709', '16.png', 'd33ee976-4d35-4990-ae41-eebee8989f5a.png', '怪虫小碗，喷蓝色，喷漆，喷珠光\r\n尺寸：18CMX9CM高\r', '1', 'PCS', '600', '600', '0', null, '6.50', '3900.00', '24');
INSERT INTO `contract_product_c` VALUES ('4028817a33812ffd013382048ff80025', '4028817a33812ffd013382048ff80024', '1', '宏艺', '20-37-264/JK1051087', null, 'ef1348ed-d11c-4acf-ae57-4a0600e4ff0f.png', '全明料蛋糕盘+罩子\r\n罩子烤蒙砂白花纸，花纸我司供\r\n尺寸：', '1', 'PCS', '1200', '1200', '0', null, '9.50', '11400.00', '1');
INSERT INTO `contract_product_c` VALUES ('4028817a33812ffd013382048ff80026', '4028817a33812ffd013382048ff80024', '1', '宏艺', '20-37-265/JK1050163', null, 'e96667ee-d5e9-43d1-bac0-758593c56629.png', '全明料蛋糕盘+罩子\r\n罩子烤蒙砂白花纸，花纸我司供\r\n尺寸：', '1', 'PCS', '1200', '1200', '0', null, '11.00', '13200.00', '2');
INSERT INTO `contract_product_c` VALUES ('4028817a33812ffd013382048ff80027', '4028817a33812ffd013382048ff80024', '1', '宏艺', '20-37-266/JK1050164', null, '6b8d7276-1de9-40d8-9cf8-dabc7a8d853d.png', '全明料蛋糕盘+罩子\r\n罩子烤蒙砂白花纸，花纸我司供\r\n尺寸：', '1', 'PCS', '1200', '1200', '0', null, '13.00', '15600.00', '3');
INSERT INTO `contract_product_c` VALUES ('4028817a33812ffd0133821a8eb5002c', '4028817a33812ffd0133821a8eb5002b', '1', '宏艺', 'JK110102', null, 'e4df38d5-f0d9-4f91-99c6-240addaa36a3.png', '全明料平光蛋糕罩配钻石盘子\r\n罩子上粘小鸟，小鸟和钻石盘我司', '1', 'PCS', '150', '150', '0', null, '32.00', '4800.00', '2');
INSERT INTO `contract_product_c` VALUES ('4028817a33812ffd0133821a8eb5002d', '4028817a33812ffd0133821a8eb5002b', '1', '宏艺', 'JK110101', null, 'bfd61df4-61b5-492c-b11c-7d19b63f5cf1.png', '全明料平光蛋糕罩配钻石盘子\r\n罩子上粘小鸟，小鸟和钻石盘我司', '1', 'PCS', '152', '152', '0', null, '22.00', '3344.00', '1');
INSERT INTO `contract_product_c` VALUES ('4028817a33d4f8b40133d9878e88000e', '4028817a33d4f8b40133d9878e88000d', '13', '平遥鸿艺', 'JK1060019/11990', null, 'undefined', '全明料密直棱低口杯\r\n尺寸：9X10.5CM高\r\n4只/五层', '4', 'PCS', '696', '696', '0', null, '5.00', '3480.00', '6');
INSERT INTO `contract_product_c` VALUES ('4028817a33d4f8b40133d9878e88000f', '4028817a33d4f8b40133d9878e88000d', '13', '平遥鸿艺', 'JK103134/11989', null, 'undefined', '全明料密直棱香槟杯\r\n尺寸：9X21CM高\r\n4只/五层内盒', '4', 'PCS', '832', '832', '0', null, '6.00', '4992.00', '7');
INSERT INTO `contract_product_c` VALUES ('4028817a33d4f8b40133d9878e880010', '4028817a33d4f8b40133d9878e88000d', '1', '宏艺', 'JK1050152/11306', null, 'undefined', '全明料酒杯，口部描1CM白金边\r\n尺寸：7X26CM高\r\n4', '4', 'PCS', '608', '608', '0', null, '8.50', '5168.00', '1');
INSERT INTO `contract_product_c` VALUES ('4028817a33d4f8b40133d9878e880011', '4028817a33d4f8b40133d9878e88000d', '2', '光华', 'JK103233/11301', null, 'undefined', '全明料糖缸配盖子，糖缸刻钻石描亮油\r\n尺寸：11X30.5C', '1', 'PCS', '12', '12', '0', null, '18.00', '216.00', '11');
INSERT INTO `contract_product_c` VALUES ('4028817a33d4f8b40133d9878e880012', '4028817a33d4f8b40133d9878e88000d', '1', '宏艺', 'JK1050068/11314', null, 'undefined', '全明料马丁尼，口部描1CM白金边\r\n尺寸：12X19CM高\r', '4', 'PCS', '608', '608', '0', null, '11.20', '6809.60', '3');
INSERT INTO `contract_product_c` VALUES ('4028817a33d4f8b40133d9878e880013', '4028817a33d4f8b40133d9878e88000d', '2', '光华', 'JK1050317/12006', null, 'undefined', '全明料糖缸配盖子，糖缸刻交叉麦穗花\r\n尺寸：10.5X14C', '1', 'PCS', '168', '168', '0', null, '9.50', '1596.00', '9');
INSERT INTO `contract_product_c` VALUES ('4028817a33d4f8b40133d9878e880014', '4028817a33d4f8b40133d9878e88000d', '2', '光华', 'JK169340/13076', null, 'undefined', '全明料蛋糕罩配盘子，罩子烤白花纸\r\n尺寸：25X26CM高\r', '1', 'PCS', '464', '464', '0', null, '36.00', '16704.00', '8');
INSERT INTO `contract_product_c` VALUES ('4028817a33d4f8b40133d9878e880015', '4028817a33d4f8b40133d9878e88000d', '2', '光华', 'JK1050316/12005', null, 'undefined', '全明料糖缸配盖子，糖缸刻交叉麦穗花\r\n尺寸：15X15CM高', '1', 'PCS', '162', '162', '0', null, '12.50', '2025.00', '10');
INSERT INTO `contract_product_c` VALUES ('4028817a33d4f8b40133d9878e880016', '4028817a33d4f8b40133d9878e88000d', '2', '光华', 'JK1050201/12078', null, 'undefined', '全明料蛋糕罩配盘子，罩子上烤花纸\r\n罩子尺寸：15X11.5', '1', 'PCS', '204', '204', '0', null, '18.00', '3672.00', '4');
INSERT INTO `contract_product_c` VALUES ('4028817a33d4f8b40133d9878e880017', '4028817a33d4f8b40133d9878e88000d', '1', '宏艺', 'JK1050154/11308', null, 'undefined', '全明料香槟杯，口部描1CM白金边\r\n尺寸：5X29CM高\r\n', '4', 'PCS', '704', '704', '0', null, '7.50', '5280.00', '2');
INSERT INTO `contract_product_c` VALUES ('4028817a33d4f8b40133d9878e880018', '4028817a33d4f8b40133d9878e88000d', '13', '平遥鸿艺', 'JK103136/11988', null, 'undefined', '全明料密直棱酒杯，底厚要求5MM\r\n尺寸：9X17.5CM高', '4', 'PCS', '928', '928', '0', null, '6.30', '5846.40', '5');
INSERT INTO `contract_product_c` VALUES ('4028817a33d4f8b40133d991a50d001a', '4028817a33d4f8b40133d991a50d0019', 'ff808081301885760130189e47ca0013', '文水志远', 'JK1040446/JK446', null, 'undefined', '全明料糖缸配盖子，普通底\r\n尺寸：16.5X50CM高\r\n1', '1', 'PCS', '600', '600', '0', null, '25.00', '15000.00', '7');
INSERT INTO `contract_product_c` VALUES ('4028817a33d4f8b40133d991a50d001b', '4028817a33d4f8b40133d991a50d0019', '2', '光华', 'JK1040364/JK364', null, 'undefined', '全明料糖缸配盖子\r\n尺寸：19X39CM高\r\n1只/上下保丽', '1', 'PCS', '600', '600', '0', null, '25.00', '15000.00', '6');
INSERT INTO `contract_product_c` VALUES ('4028817a33d4f8b40133d991a50d001c', '4028817a33d4f8b40133d991a50d0019', '2', '光华', 'JK1050316/JK316', null, 'undefined', '全明料糖缸，刻麦穗花不描亮油。\r\n盖子电镀，电镀我司安排。\r', '1', 'PCS', '600', '600', '0', null, '12.00', '7200.00', '2');
INSERT INTO `contract_product_c` VALUES ('4028817a33d4f8b40133d991a50d001d', '4028817a33d4f8b40133d991a50d0019', '1', '宏艺', 'JK1050166/JK166', null, 'undefined', '全明料糖缸，刻花不描亮油。\r\n尺寸：12.5X26.5CM高', '1', 'PCS', '600', '600', '0', null, '16.00', '9600.00', '1');
INSERT INTO `contract_product_c` VALUES ('4028817a33d4f8b40133d991a50d001e', '4028817a33d4f8b40133d991a50d0019', '4', '精艺', 'JK103694/JK694', null, 'undefined', '套6全明料死模低口杯\r\n尺寸：8X12.5CM高\r\n1套/白', '1', 'PCS', '480', '480', '0', null, '24.00', '11520.00', '4');
INSERT INTO `contract_product_c` VALUES ('4028817a33d4f8b40133d991a50d001f', '4028817a33d4f8b40133d991a50d0019', 'ff808081301885760130189e47ca0013', '文水志远', 'JK103956/JK956', null, 'undefined', '全明料蛋糕罩配盘子\r\n盘子我司安排\r\n罩子尺寸：33X14X', '1', 'PCS', '480', '480', '0', null, '27.00', '12960.00', '5');
INSERT INTO `contract_product_c` VALUES ('4028817a33d4f8b40133d991a50d0020', '4028817a33d4f8b40133d991a50d0019', '4', '精艺', 'JK103693/JK693', null, 'undefined', '套6全明料死模低口杯\r\n尺寸：7.3X10.5CM高\r\n1套', '1', 'PCS', '184', '184', '0', null, '21.00', '3864.00', '3');
INSERT INTO `contract_product_c` VALUES ('4028817a33d4f8b40133d9be557b0029', '4028817a33d4f8b40133d991a50d0019', '9', '华艺', 'J859101549/JK549', null, '', '全明料蛋糕盘\r\n尺寸：直径33.5CM\r\n2只/五层内盒  ', '2', 'PCS', '1200', '1200', '0', null, '10.00', '12000.00', '12');
INSERT INTO `contract_product_c` VALUES ('4028817a33d4f8b40133d9be557b002a', '4028817a33d4f8b40133d991a50d0019', '4028817a33d4f8b40133d9989f5e0024', '民鑫', 'JK1060338/JK338', null, '', '全明料机压直棱糖缸\r\n尺寸：15.5X15.5CM 高\r\n1', '1', 'PCS', '2400', '2400', '0', null, '7.15', '17160.00', '8');
INSERT INTO `contract_product_c` VALUES ('4028817a33d4f8b40133d9be557b002b', '4028817a33d4f8b40133d991a50d0019', '9', '华艺', 'JK103209/JK209', null, '', '全明料2层钻石蛋糕盘，配喷塑铁架\r\n铁架我司供\r\n大盘尺寸：', '1', 'PCS', '1200', '1200', '0', null, '13.00', '15600.00', '11');
INSERT INTO `contract_product_c` VALUES ('4028817a33d4f8b40133d9be557b002c', '4028817a33d4f8b40133d991a50d0019', '9', '华艺', 'JK1031007-LP/JK007/1', null, '', '全明料钻石蛋糕盘，粘底座\r\n尺寸：30X11.5CM高\r\n1', '1', 'PCS', '600', '600', '0', null, '10.50', '6300.00', '13');
INSERT INTO `contract_product_c` VALUES ('4028817a33d4f8b40133d9be557b002d', '4028817a33d4f8b40133d991a50d0019', '1', '宏艺', 'JK1050128/JK0128', null, '', '全明料三层糖缸，刻麦穗花\r\n尺寸：12X22.5CM\r\n1套', '1', 'PCS', '600', '600', '0', null, '18.50', '11100.00', '9');
INSERT INTO `contract_product_c` VALUES ('4028817a33d4f8b40133d9be557b002e', '4028817a33d4f8b40133d991a50d0019', '2', '光华', 'JK103176/JK176', null, '', '全明料糖缸，刻花，不带盖子\r\n尺寸：20X14.5CM高\r\n', '1', 'PCS', '480', '480', '0', null, '18.50', '8880.00', '10');
INSERT INTO `contract_product_c` VALUES ('4028817a33d4f8b40133d9bea39b0030', '4028817a33d4f8b40133d9bea39b002f', '1', '宏艺', 'JK1050806/JK032', null, 'undefined', '套6全明料香槟杯，电镀渐变色\r\n尺寸：5.7X25CM高\r\n', '1', 'PCS', '320', '320', '0', null, '31.80', '10176.00', '6');
INSERT INTO `contract_product_c` VALUES ('4028817a33d4f8b40133d9bea39b0031', '4028817a33d4f8b40133d9bea39b002f', '4', '精艺', 'JK045/JK1060426', null, 'undefined', '套6紫色碗明挺底香槟杯\r\n尺寸：8X17CM高\r\n1套/五层', '1', 'PCS', '240', '240', '0', null, '33.60', '8064.00', '9');
INSERT INTO `contract_product_c` VALUES ('4028817a33d4f8b40133d9bea39b0032', '4028817a33d4f8b40133d9bea39b002f', '1', '宏艺', 'JK1050807/JK033', null, 'undefined', '套6全明料酒杯，电镀渐变色\r\n尺寸：8X24CM高\r\n1套/', '1', 'PCS', '300', '300', '0', null, '34.80', '10440.00', '7');
INSERT INTO `contract_product_c` VALUES ('4028817a33d4f8b40133d9bea39b0033', '4028817a33d4f8b40133d9bea39b002f', '4028817a33d4f8b40133d9989f5e0024', '民鑫', 'JK040/JK1060338', null, 'undefined', '全明料机压竖棱糖缸\r\n尺寸：15.5X15.5CM\r\n1只/', '1', 'PCS', '3000', '3000', '0', null, '8.04', '24120.00', '3');
INSERT INTO `contract_product_c` VALUES ('4028817a33d4f8b40133d9bea39b0034', '4028817a33d4f8b40133d9bea39b002f', '4', '精艺', 'JK044/JK1060425', null, 'undefined', '套6紫色碗明挺底红酒杯\r\n尺寸：8X20CM高\r\n1套/五层', '1', 'PCS', '240', '240', '0', null, '34.80', '8352.00', '8');
INSERT INTO `contract_product_c` VALUES ('4028817a33d4f8b40133d9bea39b0035', '4028817a33d4f8b40133d9bea39b002f', '1', '宏艺', 'JK019/J859100824', null, 'undefined', '套4全明料酒杯，口部描2.5CM宽白金边\r\n尺寸：8.4X2', '1', 'PCS', '320', '320', '0', null, '58.00', '18560.00', '2');
INSERT INTO `contract_product_c` VALUES ('4028817a33d4f8b40133d9bea39b0036', '4028817a33d4f8b40133d9bea39b002f', '1', '宏艺', 'JK018/J859100826', null, 'undefined', '套4全明料香槟杯，口部描2.5CM宽白金边\r\n尺寸：4.7X', '1', 'PCS', '300', '300', '0', null, '40.00', '12000.00', '1');
INSERT INTO `contract_product_c` VALUES ('4028817a33d4f8b40133d9bea39b0037', '4028817a33d4f8b40133d9bea39b002f', '3', '会龙', 'JK041/JK1060339', null, 'undefined', '全明料蒙古包糖缸\r\n尺寸：9X11CM高\r\n1只/五层内盒 ', '1', 'PCS', '3000', '3000', '0', null, '4.00', '12000.00', '4');
INSERT INTO `contract_product_c` VALUES ('4028817a33d4f8b40133d9bea39b0038', '4028817a33d4f8b40133d9bea39b002f', '1', '宏艺', 'JK020/J859100825', null, 'undefined', '套4全明料马丁尼，口部描2.5CM白金边\r\n尺寸：11.8X', '1', 'PCS', '300', '300', '0', null, '70.00', '21000.00', '5');
INSERT INTO `contract_product_c` VALUES ('4028817a33f7960d0133f8d912ba0005', '4028817a33812ffd0133821a8eb5002b', '9', '华艺', 'JK110102', null, '', '全明料钻石盘子\r\n盘子尺寸：29.5X11.5CM\r\n安全包', '1', 'PCS', '150', '150', '0', null, '10.00', '1500.00', '3');
INSERT INTO `contract_product_c` VALUES ('4028817a33f7960d0133f8d912ba0006', '4028817a33812ffd0133821a8eb5002b', '9', '华艺', 'JK110101', null, '', '全明料钻石盘子\r\n盘子尺寸：23X11.5CM\r\n安全包装送', '1', 'PCS', '152', '152', '0', null, '8.50', '1292.00', '4');
INSERT INTO `contract_product_c` VALUES ('4028817a33fc4e280133fcdb13f4000e', '4028817a33d4f8b40133d9bea39b002f', '1', '宏艺', 'JK052/JK1070691', null, '', '套4全明料马丁尼\r\n尺寸：12.5X19.5CM高\r\n1套/', '1', 'PCS', '300', '300', '0', null, '30.00', '9000.00', '12');
INSERT INTO `contract_product_c` VALUES ('4028817a33fc4e280133fcdb13f4000f', '4028817a33d4f8b40133d9bea39b002f', '5', '汇越', 'JK050/JK1070690', null, '', '套4全明料白酒杯，钻石挺\r\n尺寸：8.6X23CM高\r\n1套', '1', 'PCS', '300', '300', '0', null, '23.20', '6960.00', '11');
INSERT INTO `contract_product_c` VALUES ('4028817a33fc4e280133fcdb13f40010', '4028817a33d4f8b40133d9bea39b002f', '2', '光华', 'JK046/JK1050201', null, '', '全明料蛋糕盘+罩子\r\n罩子上烤蒙砂白花纸\r\n距口部1CM处，', '1', 'PCS', '600', '600', '0', null, '19.00', '11400.00', '10');
INSERT INTO `contract_product_c` VALUES ('4028817a33fc4e280133fd81e7d7001e', '4028817a33fc4e280133fd81e7d7001d', '2', '光华', '169280', null, '', '全明料蛋糕盘+罩子	\r\n距离罩子口部3CM烤字母花纸	\r\n ', '1', 'PCS', '100', '100', '0', null, '32.00', '3200.00', '10');
INSERT INTO `contract_product_c` VALUES ('4028817a33fc4e280133fd81e7d7001f', '4028817a33fc4e280133fd81e7d7001d', '1', '宏艺', 'J859102682/113860', null, '', '全明料糖缸，烤字母白花纸\r\nSTORAGE ONLY\r\n尺寸', '1', 'PCS', '300', '300', '0', null, '16.00', '4800.00', '5');
INSERT INTO `contract_product_c` VALUES ('4028817a33fc4e280133fd81e7d70020', '4028817a33fc4e280133fd81e7d7001d', '4', '精艺', 'JK1080435', null, '', '全明料球形瓶子，刻花，描亮油\r\n\r\n尺寸:9.5X10.5C', '1', 'PCS', '1008', '1008', '0', null, '9.00', '9072.00', '4');
INSERT INTO `contract_product_c` VALUES ('4028817a33fc4e280133fd81e7d70021', '4028817a33fc4e280133fd81e7d7001d', '2', '光华', '123540', null, '', '全明料蛋糕盘子+罩子\r\n罩子上烤字母（HIGH TEA）花纸', '1', 'PCS', '100', '100', '0', null, '22.00', '2200.00', '9');
INSERT INTO `contract_product_c` VALUES ('4028817a33fc4e280133fd81e7d70022', '4028817a33fc4e280133fd81e7d7001d', '3', '会龙', 'JK1052446/158080', null, '', '全明料酒壶，杯身烤白色字母花纸\r\n \r\n尺寸：7.8X22.', '1', 'PCS', '702', '702', '0', null, '16.50', '11583.00', '6');
INSERT INTO `contract_product_c` VALUES ('4028817a33fc4e280133fd81e7d70023', '4028817a33fc4e280133fd81e7d7001d', 'ff808081301885760130189e47ca0013', '文水志远', '62145', null, '', '全明料蛋糕罩子\r\n\r\n尺寸：30.3X11.5X15CM\r\n', '1', 'PCS', '504', '504', '0', null, '27.00', '13608.00', '2');
INSERT INTO `contract_product_c` VALUES ('4028817a33fc4e280133fd81e7d70024', '4028817a33fc4e280133fd81e7d7001d', 'ff808081301885760130189e47ca0013', '文水志远', '62146/F-57', null, '', '全明料蛋糕罩子，刻麦穗花\r\n\r\n尺寸：30.3X11.5X1', '1', 'PCS', '504', '504', '0', null, '28.50', '14364.00', '3');
INSERT INTO `contract_product_c` VALUES ('4028817a33fc4e280133fd81e7d70025', '4028817a33fc4e280133fd81e7d7001d', 'ff808081301885760130189e47ca0013', '文水志远', 'JKF081342/62180', null, '', '全明料蛋糕罩子+盘子\r\n盘子我司安排\r\n尺寸：30.3X11', '1', 'PCS', '652', '652', '0', null, '27.00', '17604.00', '1');
INSERT INTO `contract_product_c` VALUES ('4028817a33fc4e280133fd81e7d70026', '4028817a33fc4e280133fd81e7d7001d', '1', '宏艺', 'JK10501218/160380', null, '', '全明料糖缸带盖子，糖缸身上烤\r\n白色字母花纸\r\n尺寸：12.', '1', 'PCS', '600', '600', '0', null, '15.00', '9000.00', '8');
INSERT INTO `contract_product_c` VALUES ('4028817a33fc4e280133fd81e7d70027', '4028817a33fc4e280133fd81e7d7001d', '1', '宏艺', 'JK1040009/141760', null, '', '全明料三层糖缸，烤字母花纸\r\n花纸我司安排\r\n尺寸：16.5', '1', 'PCS', '300', '300', '0', null, '35.00', '10500.00', '7');
INSERT INTO `contract_product_c` VALUES ('4028817a33fc4e280133fd89fcc00028', '4028817a33fc4e280133fd81e7d7001d', '7', '天顺', 'JKF081342/62180', null, '', '全明料蛋糕盘配罩子\r\n罩子由文水志远厂提供\r\n尺寸：33X1', '1', 'PCS', '652', '652', '0', null, '10.40', '6780.80', '11');
INSERT INTO `contract_product_c` VALUES ('4028817a33fc4e280133fd9f8b4e0030', '4028817a33fc4e280133fd9f8b4e002f', '15', '南皮开发', 'JK1040158/12068', null, '', '明料灯宫细转棱蜡台\r\n\r\n尺寸：6X26CM高\r\n4只/三层', '4', 'PCS', '400', '400', '0', null, '9.70', '3880.00', '4');
INSERT INTO `contract_product_c` VALUES ('4028817a33fc4e280133fd9f8b4e0031', '4028817a33fc4e280133fd9f8b4e002f', '2', '光华', 'JK1050317/12006', null, '', '明料糖缸配明料盖子\r\n缸身刻交叉麦穗花\r\n尺寸：10.5X1', '1', 'PCS', '504', '504', '0', null, '9.50', '4788.00', '3');
INSERT INTO `contract_product_c` VALUES ('4028817a33fc4e280133fd9f8b4e0032', '4028817a33fc4e280133fd9f8b4e002f', '2', '光华', 'JK1050316/12005', null, '', '明料糖缸配明料盖子\r\n缸身刻交叉麦穗花\r\n尺寸：15X15C', '1', 'PCS', '348', '348', '0', null, '12.50', '4350.00', '2');
INSERT INTO `contract_product_c` VALUES ('4028817a33fc4e280133fd9f8b4e0033', '4028817a33fc4e280133fd9f8b4e002f', '2', '光华', 'JK103233/11301', null, '', '全明料糖缸刻钻石，描亮油\r\n尺寸：11X30.5CM高\r\n1', '1', 'PCS', '408', '408', '0', null, '18.00', '7344.00', '1');
INSERT INTO `contract_product_c` VALUES ('4028817a33fc4e280133fdb370c00034', '4028817a33812ffd0133813f25940001', '7', '天顺', '9749', '17.png', '', '怪虫小碗喷绿色，喷漆，喷珠光\r\n尺寸：18X9CM高\r\n4只', '4', 'PCS', '304', '304', '0', null, '6.50', '1976.00', '29');
INSERT INTO `contract_product_c` VALUES ('4028817a33fc4e280133fdb370cf0035', '4028817a33812ffd0133813f25940001', '7', '天顺', '9749', '18.png', '', '怪虫小碗喷绿色，喷漆，喷珠光\r\n尺寸：18X9CM高\r\n4只', '4', 'PCS', '304', '304', '0', null, '6.50', '1976.00', '30');
INSERT INTO `contract_product_c` VALUES ('4028817a33fc4e280133fdb370df0036', '4028817a33812ffd0133813f25940001', '7', '天顺', '9749', '19.png', '', '怪虫小碗喷绿色，喷漆，喷珠光\r\n尺寸：18X9CM高\r\n4只', '4', 'PCS', '304', '304', '0', null, '6.50', '1976.00', '31');
INSERT INTO `contract_product_c` VALUES ('4028817a33fc4e280133fde6504f0037', '4028817a33fc4e280133fd9f8b4e002f', '2', '光华', 'JK1050201/12078', null, '', '全明料蛋糕罩配盘子,罩子上烤蒙砂白花纸\r\n盘子尺寸：16X1', '1', 'PCS', '402', '402', '0', null, '18.00', '7236.00', '5');
INSERT INTO `contract_product_c` VALUES ('4028817a33fc4e280133fde6504f0038', '4028817a33fc4e280133fd9f8b4e002f', '13', '平遥鸿艺', 'JK1050198/12860', null, '', '全明料酒杯，\r\n距口部1.5CM烤蒙砂白花纸\r\n尺寸：11X', '4', 'PCS', '400', '400', '0', null, '6.50', '2600.00', '7');
INSERT INTO `contract_product_c` VALUES ('4028817a33fc4e280133fde6504f0039', '4028817a33fc4e280133fd9f8b4e002f', '2', '光华', 'JK169340/13076', null, '', '全明料蛋糕罩配盘子，罩子上烤蒙砂白花纸		\r\n尺寸：25X2', '1', 'PCS', '200', '200', '0', null, '36.00', '7200.00', '8');
INSERT INTO `contract_product_c` VALUES ('4028817a33fc4e280133fde6504f003a', '4028817a33fc4e280133fd9f8b4e002f', 'ff808081301885760130189e47ca0013', '文水志远', 'JK1400002/13077', null, '', '全明料竖棱酒壶，磨口抛光\r\n不可有碰口，棱要明显\r\n尺寸：1', '1', 'PCS', '1200', '1200', '0', null, '13.00', '15600.00', '9');
INSERT INTO `contract_product_c` VALUES ('4028817a33fc4e280133fde6504f003b', '4028817a33fc4e280133fd9f8b4e002f', '15', '南皮开发', 'JK5100005-F/13079', null, '', '全明料竖棱香槟杯\r\n尺寸：5.5X24.5CM高\r\n4只/三', '4', 'PCS', '1200', '1200', '0', null, '10.00', '12000.00', '11');
INSERT INTO `contract_product_c` VALUES ('4028817a33fc4e280133fde6504f003c', '4028817a33fc4e280133fd9f8b4e002f', '13', '平遥鸿艺', 'JK1050195/12859', null, '', '全明料香槟杯\r\n距口部1.5CM烤蒙砂白花纸\r\n尺寸：8X2', '4', 'PCS', '400', '400', '0', null, '6.00', '2400.00', '6');
INSERT INTO `contract_product_c` VALUES ('4028817a33fc4e280133fde6504f003d', '4028817a33fc4e280133fd9f8b4e002f', '15', '南皮开发', 'JK5100004/13078', null, '', '全明料直棱酒杯\r\n尺寸：9.5X18.5CM高\r\n4只/三层', '4', 'PCS', '1200', '1200', '0', null, '8.80', '10560.00', '10');
INSERT INTO `contract_product_c` VALUES ('4028817a33fc4e280133fde6504f003e', '4028817a33fc4e280133fd9f8b4e002f', '15', '南皮开发', 'JK5300006/13080', null, '', '全明料竖棱糖缸，盖子上带圆头\r\n尺寸：9X8CM高\r\n1只/', '1', 'PCS', '1200', '1200', '0', null, '8.50', '10200.00', '12');
INSERT INTO `contract_product_c` VALUES ('4028817a33fc4e280133fde6504f003f', '4028817a33fc4e280133fd9f8b4e002f', '15', '南皮开发', 'JK5300007/13081', null, '', '全明料竖棱糖缸，盖子上带圆头\r\n尺寸：9X12CM高\r\n1只', '1', 'PCS', '1200', '1200', '0', null, '9.80', '11760.00', '13');
INSERT INTO `contract_product_c` VALUES ('4028817a3420e78a013421a693820002', '4028817a3420e78a013421a693730001', '4', '精艺', '4995', null, 'c7801815-993e-43f0-8ac5-d5d788f34e74.png', '全明料死模风灯，电镀花银喷紫色\r\n明料挺底，电镀喷色我司安排', '1', 'PCS', '300', '300', '1', null, '8.50', '2550.00', '3');
INSERT INTO `contract_product_c` VALUES ('4028817a3420e78a013421a693820003', '4028817a3420e78a013421a693730001', '4', '精艺', '4994', null, 'ae3e208e-8037-41dc-89d3-6727d1403c4c.png', '全明料死模风灯，电镀花银喷浅海蓝\r\n明料挺底,电镀喷色我司安', '1', 'PCS', '300', '300', '1', null, '8.50', '2550.00', '2');
INSERT INTO `contract_product_c` VALUES ('4028817a3420e78a013421a693820004', '4028817a3420e78a013421a693730001', '4', '精艺', '4996', null, '09b2983e-67b1-4f42-b6ec-0efa99b90cae.png', '全明料死模风灯，电镀花银喷浅绿色\r\n明料挺底，电镀喷色我司安', '1', 'PCS', '300', '300', '1', null, '10.50', '3150.00', '4');
INSERT INTO `contract_product_c` VALUES ('4028817a3420e78a013421a693820005', '4028817a3420e78a013421a693730001', '2', '光华', '5118', null, 'd2f2ab57-ca50-43ff-87fd-9b6b38d14adc.png', '全明料蛋糕盘+罩子	\r\n罩子上烤白金字母花纸（SWEETS)', '1', 'PCS', '300', '300', '1', null, '16.00', '4800.00', '14');
INSERT INTO `contract_product_c` VALUES ('4028817a3420e78a013421a693820006', '4028817a3420e78a013421a693730001', '4', '精艺', '4993', null, '49a9221c-aa5d-42a6-997c-9671c69ebb96.png', '全明料死模风灯，电镀花银喷浅绿色 	\r\n明料挺底，电镀喷色我', '1', 'PCS', '300', '300', '1', null, '8.50', '2550.00', '1');
INSERT INTO `contract_product_c` VALUES ('4028817a3420e78a013421a693820007', '4028817a3420e78a013421a693730001', '2', '光华', '5117', null, '94744a94-9215-425c-8d7c-e6c27b74d47a.png', '全明料蛋糕盘+罩子	\r\n罩上烤白金字母花纸（SWEETS)	', '1', 'PCS', '300', '300', '1', null, '17.00', '5100.00', '13');
INSERT INTO `contract_product_c` VALUES ('4028817a3420e78a013421a693820008', '4028817a3420e78a013421a693730001', '4028817a33d4f8b40133d9989f5e0024', '民鑫', '5086', null, 'f9c8b767-01c1-47a1-816c-4203c229f765.png', '全明料冰花风灯，电镀花银喷绿色\r\n尺寸：12.5X20CM高', '1', 'PCS', '300', '300', '1', null, '13.00', '3900.00', '10');
INSERT INTO `contract_product_c` VALUES ('4028817a3420e78a013421a693820009', '4028817a3420e78a013421a693730001', '1', '宏艺', '5190', null, 'b0d362a3-2044-4bb8-ad61-0d6228e94110.png', '全明料平光蛋糕罩配钻石盘子\r\n罩子上粘小鸟，小鸟和钻石盘我司', '1', 'PCS', '100', '100', '1', null, '22.00', '2200.00', '16');
INSERT INTO `contract_product_c` VALUES ('4028817a3420e78a013421a69382000a', '4028817a3420e78a013421a693730001', '9', '华艺', '5190', null, 'de8f61ab-0ce5-4e66-862f-acc66140d77f.png', '全明料钻石蛋糕盘粘底座\r\n \r\n尺寸：23X11.5CM高\r', '1', 'PCS', '100', '100', '1', null, '8.50', '850.00', '17');
INSERT INTO `contract_product_c` VALUES ('4028817a3420e78a013421a69382000b', '4028817a3420e78a013421a693730001', '4028817a33d4f8b40133d9989f5e0024', '民鑫', '5084', null, '4afac9ad-6f75-4186-95e2-0f3c992fd0a8.png', '全明料冰花风灯，电镀花银喷蓝色\r\n尺寸：10X17.5CM高', '1', 'PCS', '300', '300', '1', null, '11.50', '3450.00', '8');
INSERT INTO `contract_product_c` VALUES ('4028817a3420e78a013421a69382000c', '4028817a3420e78a013421a693730001', '4028817a33d4f8b40133d9989f5e0024', '民鑫', '5085', null, '11799ce4-7d8a-451b-8838-6b01f804b8ff.png', '全明料冰花风灯，电镀花银喷紫色\r\n尺寸：10X17.5CM高', '1', 'PCS', '300', '300', '1', null, '11.50', '3450.00', '9');
INSERT INTO `contract_product_c` VALUES ('4028817a3420e78a013421a69382000d', '4028817a3420e78a013421a693730001', '7', '天顺', '5144', null, '978f44fd-492c-4209-8b4a-6dd58539a14f.png', '全明料钻石蛋糕盘粘底座\r\n喷绿色，喷漆，喷珠光\r\n尺寸：23', '1', 'PCS', '100', '100', '1', null, '11.00', '1100.00', '15');
INSERT INTO `contract_product_c` VALUES ('4028817a3420e78a013421a69382000e', '4028817a3420e78a013421a693730001', '4', '精艺', '4998', null, '4c8991c6-227e-4c31-bcf7-539fd002cd12.png', '全明料死模风灯，电镀花银喷紫色\r\n明料挺底,电镀喷色我司安排', '1', 'PCS', '300', '300', '1', null, '10.50', '3150.00', '6');
INSERT INTO `contract_product_c` VALUES ('4028817a3420e78a013421a69382000f', '4028817a3420e78a013421a693730001', '4028817a33d4f8b40133d9989f5e0024', '民鑫', '5088', null, '9926bf89-1345-4082-aeeb-a3f94d0dcc40.png', '全明料冰花风灯，电镀花银喷蓝色\r\n尺寸：12.5X20CM高', '1', 'PCS', '300', '300', '1', null, '13.00', '3900.00', '11');
INSERT INTO `contract_product_c` VALUES ('4028817a3420e78a013421a693820010', '4028817a3420e78a013421a693730001', '4028817a33d4f8b40133d9989f5e0024', '民鑫', '5089', null, '22a26221-2c14-4ea4-b972-ebe9df1a27ab.png', '全明料冰花风灯，电镀花银喷紫色\r\n尺寸：12.5X20CM高', '1', 'PCS', '300', '300', '1', null, '13.00', '3900.00', '12');
INSERT INTO `contract_product_c` VALUES ('4028817a3420e78a013421a693920011', '4028817a3420e78a013421a693730001', '4', '精艺', '4997', null, 'f62db940-2432-4a7d-946c-22e2ba184d37.png', '全明料死模风灯，电镀花银喷浅海蓝\r\n明料挺底，电镀喷色我司安', '1', 'PCS', '300', '300', '1', null, '10.50', '3150.00', '5');
INSERT INTO `contract_product_c` VALUES ('4028817a3420e78a013421a693920012', '4028817a3420e78a013421a693730001', '4028817a33d4f8b40133d9989f5e0024', '民鑫', '5083', null, '65fe2446-a833-483a-ad34-dc5da6a7e28a.png', '全明料冰花风灯，电镀花银喷绿色\r\n尺寸：10X17.5CM高', '1', 'PCS', '300', '300', '1', null, '11.50', '3450.00', '7');
INSERT INTO `contract_product_c` VALUES ('4028817a3420e78a013421d2e3fe0013', '4028817a3420e78a013421a693730001', '4', '精艺', '5336', null, '422bfb7c-ad4e-4098-8953-beca57d6259c.png', '全明料死模风灯，电镀花银喷绿色	\r\n 	\r\n尺寸：14.5X', '1', 'PCS', '300', '300', '1', null, '8.00', '2400.00', '20');
INSERT INTO `contract_product_c` VALUES ('4028817a3420e78a013421d2e3fe0014', '4028817a3420e78a013421a693730001', '4', '精艺', '5331', null, 'c09ea297-bb5f-47a0-b8a0-0b4419f6e138.png', '全明料死模风灯，电镀花银喷绿色\r\n尺寸：17X23CM高\r\n', '1', 'PCS', '300', '300', '1', null, '11.50', '3450.00', '19');
INSERT INTO `contract_product_c` VALUES ('4028817a3420e78a013421d2e3fe0015', '4028817a3420e78a013421a693730001', '9', '华艺', '5190', null, 'aa3e7517-3227-41ff-b239-a5a6d5c00939.png', '机压小鸟,表面要光滑\r\n\r\n安全包装送祁县宏艺厂\r\n请提供一', '1', 'PCS', '100', '100', '1', null, '2.40', '240.00', '18');
INSERT INTO `contract_product_c` VALUES ('4028817a3420e78a013421e2e3c10016', '4028817a3420e78a013421a693730001', '4', '精艺', '5400', null, 'f475d46e-733a-4220-8243-98ba76f09ddc.png', '全明料死模风灯，电镀花银喷蓝色\r\n \r\n尺寸：17X23CM', '1', 'PCS', '300', '300', '1', null, '11.50', '3450.00', '22');
INSERT INTO `contract_product_c` VALUES ('4028817a3420e78a013421e2e3c10017', '4028817a3420e78a013421a693730001', '7', '天顺', '9749', null, '3d52357d-71bf-4ac1-b7f0-38b640a2d349.png', '怪虫小碗，喷绿色，喷漆，喷珠光\r\n\r\n尺寸:18X9CM高\r', '4', 'PCS', '600', '600', '1', null, '6.50', '3900.00', '28');
INSERT INTO `contract_product_c` VALUES ('4028817a3420e78a013421e2e3c10018', '4028817a3420e78a013421a693730001', '2', '光华', '8759', null, 'c5f0d6c6-275f-4fb4-b468-a9be38f85f02.png', '全明料糖缸带盖子\r\n尺寸：16.5X40CM高\r\n1只/上下', '1', 'PCS', '600', '600', '1', null, '15.00', '9000.00', '27');
INSERT INTO `contract_product_c` VALUES ('4028817a3420e78a013421e2e3c10019', '4028817a3420e78a013421a693730001', '7', '天顺', '8709', null, '2720f819-b111-4aeb-b5e8-abc262dc5a7b.png', '怪虫小碗，喷蓝色，喷漆，喷珠光\r\n \r\n尺寸：18X9CM高', '4', 'PCS', '600', '600', '1', null, '6.50', '3900.00', '26');
INSERT INTO `contract_product_c` VALUES ('4028817a3420e78a013421e2e3c1001a', '4028817a3420e78a013421a693730001', '4', '精艺', '5337', null, 'c2ff4999-1ea3-479d-8859-3302bb0e9d77.png', '全明料死模风灯，电镀花银喷蓝色	\r\n	\r\n尺寸：14.5X2', '1', 'PCS', '300', '300', '1', null, '8.00', '2400.00', '21');
INSERT INTO `contract_product_c` VALUES ('4028817a3420e78a013421e2e3c1001b', '4028817a3420e78a013421a693730001', '7', '天顺', '8708', null, 'cd89d279-e040-4647-a89f-59bfee1d6db9.png', '怪虫小碗，喷紫色，喷漆，喷珠光\r\n \r\n尺寸：18X9CM高', '4', 'PCS', '600', '600', '1', null, '6.50', '3900.00', '25');
INSERT INTO `contract_product_c` VALUES ('4028817a3420e78a013421e2e3c1001c', '4028817a3420e78a013421a693730001', '2', '光华', '843MA', null, '6b4da997-ad8c-4101-90cb-1c554c356bb1.png', '全明料喇叭底糖缸，带盖子	\r\n盖子：10CMX10.3CM高', '1', 'PCS', '600', '600', '1', null, '16.00', '9600.00', '23');
INSERT INTO `contract_product_c` VALUES ('4028817a3420e78a013421e2e3c1001d', '4028817a3420e78a013421a693730001', '2', '光华', '844MA', null, '19dd24a2-4eb2-4273-a46a-229d28aeee85.png', '全明料糖缸带盖子\r\n盖子：9.3X13.3CM高 壁厚3MM', '1', 'PCS', '600', '600', '1', null, '16.00', '9600.00', '24');
INSERT INTO `contract_product_c` VALUES ('4028817a3420e78a013421e53b8c001e', '4028817a3420e78a013421a693730001', '2', '光华', '9868', null, '6bf2fdf5-6d7e-4147-b40c-6eddf95abcd8.png', '全明料喇叭底糖缸配盖子\r\n尺寸：5-1/4\"X17\"H\r\n1', '1', 'PCS', '600', '600', '1', null, '16.00', '9600.00', '29');
INSERT INTO `contract_product_c` VALUES ('4028817a353b8d8e01353d15008d0047', '4028817a353b8d8e01353d15008d0046', '4028817a33d4f8b40133d9989f5e0024', '民鑫', '5089', null, '2c991b9e-a14b-4f37-a2ca-5e7d01cba021.jpg', '全明料冰花风灯，电镀花银喷紫色。\r\n尺寸:12.5*20 C', '1', 'PCS', '204', '204', '1', null, '13.00', '2652.00', '3');
INSERT INTO `contract_product_c` VALUES ('4028817a353b8d8e01353d15008d0048', '4028817a353b8d8e01353d15008d0046', '4028817a33d4f8b40133d9989f5e0024', '民鑫', '5094', null, '7ae1ccaa-426b-4476-bc6a-28258d735fbd.jpg', '全明料冰花风灯，粘电镀底座  	\r\n尺寸：15.8X32CM', '1', 'PCS', '150', '150', '1', null, '14.50', '2175.00', '7');
INSERT INTO `contract_product_c` VALUES ('4028817a353b8d8e01353d15008d0049', '4028817a353b8d8e01353d15008d0046', '4028817a33d4f8b40133d9989f5e0024', '民鑫', '5093', null, '796ec9af-d6bb-4511-a6c6-6d75bcc1f2e3.jpg', '全明料冰花风灯粘电镀底座， 	\r\n喷紫色，全喷，内电镀花银	', '1', 'PCS', '102', '102', '1', null, '16.00', '1632.00', '6');
INSERT INTO `contract_product_c` VALUES ('4028817a353b8d8e01353d15008d004a', '4028817a353b8d8e01353d15008d0046', '7', '天顺', '5099', null, '9586c248-7796-4f99-b648-f913e65250f3.jpg', '全明料钻石蛋糕盘粘底座	\r\n喷蓝色，喷漆,喷珠光		\r\n尺寸', '1', 'PCS', '152', '152', '1', null, '11.00', '1672.00', '10');
INSERT INTO `contract_product_c` VALUES ('4028817a353b8d8e01353d15008d004b', '4028817a353b8d8e01353d15008d0046', '7', '天顺', '5098', null, 'bb0e509f-ccb0-44f4-8320-df18ff6ac880.jpg', '全明料钻石蛋糕盘粘底座	\r\n喷紫色，喷漆,喷珠光		\r\n尺寸', '1', 'PCS', '152', '152', '1', null, '11.00', '1672.00', '9');
INSERT INTO `contract_product_c` VALUES ('4028817a353b8d8e01353d15008d004c', '4028817a353b8d8e01353d15008d0046', '4028817a33d4f8b40133d9989f5e0024', '民鑫', '5090', null, '2ec05114-5c74-4211-b254-4d979218c05e.jpg', '全明料冰花风灯粘电镀底座， 	\r\n喷蓝色，全喷，内电镀花银	', '1', 'PCS', '102', '102', '1', null, '16.00', '1632.00', '4');
INSERT INTO `contract_product_c` VALUES ('4028817a353b8d8e01353d15008d004d', '4028817a353b8d8e01353d15008d0046', '4028817a33d4f8b40133d9989f5e0024', '民鑫', '5088', null, '9488192b-fb0f-4aa5-9e29-86de71d05675.jpg', '全明料冰花风灯，电镀花银喷蓝色。\r\n尺寸:12.5*20 C', '1', 'PCS', '204', '204', '1', null, '13.00', '2652.00', '2');
INSERT INTO `contract_product_c` VALUES ('4028817a353b8d8e01353d15008d004e', '4028817a353b8d8e01353d15008d0046', '4028817a33d4f8b40133d9989f5e0024', '民鑫', '5092', null, '289d254d-0f0d-4671-9376-d04cc36540d2.jpg', '全明料冰花风灯粘电镀底座， 	\r\n喷绿色，全喷，内电镀花银	', '1', 'PCS', '102', '102', '1', null, '16.00', '1632.00', '5');
INSERT INTO `contract_product_c` VALUES ('4028817a353b8d8e01353d15008d004f', '4028817a353b8d8e01353d15008d0046', '4028817a33d4f8b40133d9989f5e0024', '民鑫', '5095', null, '01349ede-bef9-4168-a346-e109e3111773.jpg', '全明料冰花风灯，粘明料底座 	\r\n尺寸：15.8X32CM高', '1', 'PCS', '150', '150', '1', null, '14.00', '2100.00', '8');
INSERT INTO `contract_product_c` VALUES ('4028817a353b8d8e01353d15008d0050', '4028817a353b8d8e01353d15008d0046', '4028817a33d4f8b40133d9989f5e0024', '民鑫', '5086', null, '3c77a543-f2f2-4cf3-b173-8ef1d1a1f8be.jpg', '全明料冰花风灯，电镀花银喷绿色。\r\n尺寸:12.5*20 C', '1', 'PCS', '204', '204', '1', null, '13.00', '2652.00', '1');
INSERT INTO `contract_product_c` VALUES ('4028817a353b8d8e01353d32350d0051', '4028817a353b8d8e01353d15008d0046', '2', '光华', '5117', null, 'aec0cd7f-795e-4c5f-b8c5-532b6479c4be.jpg', '全明料蛋糕盘+罩子		\r\n罩上烤白金字母花纸（SWEETS)', '1', 'PCS', '100', '100', '1', null, '17.00', '1700.00', '11');
INSERT INTO `contract_product_c` VALUES ('4028817a353b8d8e01353d32350d0052', '4028817a353b8d8e01353d15008d0046', '9', '华艺', '5191', null, '5a77aec3-1299-4b75-8ff4-5c7232d0a8c6.jpg', '机压小鸟,表面要光滑		\r\n安全包装送祁县宏艺厂		\r\n请提', '1', 'PCS', '100', '100', '1', null, '2.40', '240.00', '19');
INSERT INTO `contract_product_c` VALUES ('4028817a353b8d8e01353d32350d0053', '4028817a353b8d8e01353d15008d0046', '7', '天顺', '5144', null, '91d36961-2e9e-44cc-94ed-44ab4d6a24e4.jpg', '全明料钻石蛋糕盘粘底座	\r\n喷绿色，喷漆，喷珠光		\r\n尺寸', '1', 'PCS', '152', '152', '1', null, '11.00', '1672.00', '13');
INSERT INTO `contract_product_c` VALUES ('4028817a353b8d8e01353d32350d0054', '4028817a353b8d8e01353d15008d0046', '9', '华艺', '5191', null, '06191cc8-a932-4f7a-a951-eabbd4336f13.jpg', '全明料钻石蛋糕盘粘底座	\r\n尺寸：29.5X11.5CM高	', '1', 'PCS', '100', '100', '1', null, '10.00', '1000.00', '18');
INSERT INTO `contract_product_c` VALUES ('4028817a353b8d8e01353d32350d0055', '4028817a353b8d8e01353d15008d0046', '2', '光华', '5118', null, 'b76467e5-21b5-4102-8085-f0d14189e257.jpg', '全明料蛋糕盘+罩子		\r\n罩子上烤白金字母花纸（SWEETS', '1', 'PCS', '152', '152', '1', null, '16.00', '2432.00', '12');
INSERT INTO `contract_product_c` VALUES ('4028817a353b8d8e01353d32350d0056', '4028817a353b8d8e01353d15008d0046', '9', '华艺', '5190', null, '9a6203d7-01b0-4ebe-bc08-d390b5ecd46a.jpg', '机压小鸟,表面要光滑		\r\n安全包装送祁县宏艺厂		\r\n请提', '1', 'PCS', '100', '100', '1', null, '2.40', '240.00', '16');
INSERT INTO `contract_product_c` VALUES ('4028817a353b8d8e01353d32350d0057', '4028817a353b8d8e01353d15008d0046', '4', '精艺', '5337', null, 'ecc411bc-b3ce-4175-9e96-17014661c601.jpg', '全明料死模风灯，电镀花银喷蓝色	\r\n尺寸：14.5X20CM', '1', 'PCS', '156', '156', '1', null, '8.00', '1248.00', '22');
INSERT INTO `contract_product_c` VALUES ('4028817a353b8d8e01353d32350d0058', '4028817a353b8d8e01353d15008d0046', '9', '华艺', '5190', null, '9196fdca-db89-42a3-99d8-6a168479344c.jpg', '全明料钻石蛋糕盘粘底座	\r\n尺寸：23X11.5CM高		\r', '1', 'PCS', '100', '100', '1', null, '8.50', '850.00', '15');
INSERT INTO `contract_product_c` VALUES ('4028817a353b8d8e01353d32350d0059', '4028817a353b8d8e01353d15008d0046', '1', '宏艺', '5190', null, 'a3c28393-5d85-4ab5-8f9b-c10d8becf945.jpg', '全明料平光蛋糕罩配钻石盘子	\r\n罩子上粘小鸟，小鸟和钻石盘我', '1', 'PCS', '100', '100', '1', null, '22.00', '2200.00', '14');
INSERT INTO `contract_product_c` VALUES ('4028817a353b8d8e01353d32350d005a', '4028817a353b8d8e01353d15008d0046', '4', '精艺', '5330', null, '75849bf7-f9a2-4f74-853e-baefef078d93.jpg', '全明料死模风灯，电镀花银喷紫色	\r\n尺寸：14.5X20CM', '1', 'PCS', '156', '156', '1', null, '8.00', '1248.00', '20');
INSERT INTO `contract_product_c` VALUES ('4028817a353b8d8e01353d32350d005b', '4028817a353b8d8e01353d15008d0046', '4', '精艺', '5336', null, '5fe32315-0fb6-4a84-bb82-61b27ef3a8e3.jpg', '全明料死模风灯，电镀花银喷绿色	\r\n尺寸：14.5X20CM', '1', 'PCS', '156', '156', '1', null, '8.00', '1248.00', '21');
INSERT INTO `contract_product_c` VALUES ('4028817a353b8d8e01353d32353c005c', '4028817a353b8d8e01353d15008d0046', '1', '宏艺', '5191', null, '135fbc3e-1c1d-4188-91e0-6a54cb0e2901.jpg', '全明料平光蛋糕罩配钻石盘子	\r\n罩子上粘小鸟，小鸟和钻石盘我', '1', 'PCS', '100', '100', '1', null, '32.00', '3200.00', '17');

-- ----------------------------
-- Table structure for dept_p
-- ----------------------------
DROP TABLE IF EXISTS `dept_p`;
CREATE TABLE `dept_p` (
  `dept_id` varchar(40) NOT NULL,
  `dept_name` varchar(50) DEFAULT NULL,
  `parent_id` varchar(40) DEFAULT NULL,
  `state` int(11) DEFAULT NULL,
  PRIMARY KEY (`dept_id`),
  KEY `FK77FB84D6555D1B33` (`parent_id`),
  CONSTRAINT `FK77FB84D6555D1B33` FOREIGN KEY (`parent_id`) REFERENCES `dept_p` (`dept_id`)
) ENGINE=InnoDB DEFAULT CHARSET=utf8;

-- ----------------------------
-- Records of dept_p
-- ----------------------------
INSERT INTO `dept_p` VALUES ('402882a74fb6f0be014fb6f144590000', '总裁办', null, '1');
INSERT INTO `dept_p` VALUES ('402882a74fb6f0be014fb6f340280001', '产品部', null, '1');
INSERT INTO `dept_p` VALUES ('402882a74fb6f0be014fb6f4254f0002', '销售五部', '4028b8814fb25fd6014fb25fd7f30000', '1');
INSERT INTO `dept_p` VALUES ('402882a74fb7080a014fb7086d460000', '质检部', '402882a74fb6f0be014fb6f340280001', '1');
INSERT INTO `dept_p` VALUES ('4028b8814fb1fef0014fb1fef2570000', '财务部', null, '1');
INSERT INTO `dept_p` VALUES ('4028b8814fb25fd6014fb25fd7f30000', '销售部', null, '1');
INSERT INTO `dept_p` VALUES ('4028b8814fb26052014fb260549b0000', '船运部', null, '1');
INSERT INTO `dept_p` VALUES ('4028b8814fb26097014fb260995c0000', '行政部', null, '1');
INSERT INTO `dept_p` VALUES ('4028b8814fb26146014fb26147e40000', '销售一部', '4028b8814fb25fd6014fb25fd7f30000', '1');
INSERT INTO `dept_p` VALUES ('4028b8814fb26175014fb261771e0000', '销售二部', '4028b8814fb25fd6014fb25fd7f30000', '1');
INSERT INTO `dept_p` VALUES ('4028b8814fb261c0014fb261c1cc0000', '销售三部', '4028b8814fb25fd6014fb25fd7f30000', '1');
INSERT INTO `dept_p` VALUES ('4028b8814fb32dc5014fb32e70980000', '销售四部', '4028b8814fb25fd6014fb25fd7f30000', '1');
INSERT INTO `dept_p` VALUES ('4028b8814fb78a7f014fb78bc6500000', '南京办', '4028b8814fb26175014fb261771e0000', '1');
INSERT INTO `dept_p` VALUES ('4028b8814fb78a7f014fb78c13e90001', '南京办集成服务部', '4028b8814fb78a7f014fb78bc6500000', '0');
INSERT INTO `dept_p` VALUES ('4028b8815100229e0151007c54da0000', '销售六部', '4028b8814fb25fd6014fb25fd7f30000', '1');

-- ----------------------------
-- Table structure for export_c
-- ----------------------------
DROP TABLE IF EXISTS `export_c`;
CREATE TABLE `export_c` (
  `EXPORT_ID` varchar(255) NOT NULL,
  `INPUT_DATE` datetime DEFAULT NULL,
  `CONTRACT_IDS` varchar(255) DEFAULT NULL,
  `CUSTOMER_CONTRACT` varchar(255) DEFAULT NULL,
  `LCNO` varchar(255) DEFAULT NULL,
  `CONSIGNEE` varchar(255) DEFAULT NULL,
  `MARKS` varchar(255) DEFAULT NULL,
  `SHIPMENT_PORT` varchar(255) DEFAULT NULL,
  `DESTINATION_PORT` varchar(255) DEFAULT NULL,
  `TRANSPORT_MODE` varchar(255) DEFAULT NULL,
  `PRICE_CONDITION` varchar(255) DEFAULT NULL,
  `REMARK` varchar(255) DEFAULT NULL,
  `BOX_NUMS` int(11) DEFAULT NULL,
  `GROSS_WEIGHTS` double DEFAULT NULL,
  `MEASUREMENTS` double DEFAULT NULL,
  `STATE` int(11) DEFAULT NULL,
  `CREATE_BY` varchar(255) DEFAULT NULL,
  `CREATE_DEPT` varchar(255) DEFAULT NULL,
  `CREATE_TIME` datetime DEFAULT NULL,
  PRIMARY KEY (`EXPORT_ID`)
) ENGINE=InnoDB DEFAULT CHARSET=utf8;

-- ----------------------------
-- Records of export_c
-- ----------------------------
INSERT INTO `export_c` VALUES ('4028b8814ff0565d014ff058b1000000', '2015-09-15 00:00:00', '4028817a3357462e0133591b86ec0002, 4028817a3357462e01336cc0877b0010', 'C/3817/11 11JK1080 ', '1A', '1A', '1A', '1A', '1A', '1A', '1A', '1A', '1', '1', '1', '2', '634aaacd-0940-46d1-9bda-083aadf9699d', '4028b8814fb1fef0014fb1fef2570000', '2015-09-21 22:39:48');
INSERT INTO `export_c` VALUES ('4028b8814ff068a8014ff069b9680000', '2015-09-21 00:00:00', '4028817a3357462e01336d3a0be10014', '11JK1078 ', '2', '2', '2', '2', '2', '2', '2', '2', '2', '2', '2', '2', '634aaacd-0940-46d1-9bda-083aadf9699d', '4028b8814fb1fef0014fb1fef2570000', '2015-09-21 22:58:24');

-- ----------------------------
-- Table structure for export_product_c
-- ----------------------------
DROP TABLE IF EXISTS `export_product_c`;
CREATE TABLE `export_product_c` (
  `EXPORT_PRODUCT_ID` varchar(255) NOT NULL,
  `PRODUCT_NO` varchar(255) DEFAULT NULL,
  `PACKING_UNIT` varchar(255) DEFAULT NULL,
  `CNUMBER` int(11) DEFAULT NULL,
  `BOX_NUM` int(11) DEFAULT NULL,
  `GROSS_WEIGHT` double DEFAULT NULL,
  `NET_WEIGHT` double DEFAULT NULL,
  `SIZE_LENGTH` double DEFAULT NULL,
  `SIZE_WIDTH` double DEFAULT NULL,
  `SIZE_HEIGHT` double DEFAULT NULL,
  `EX_PRICE` double DEFAULT NULL,
  `PRICE` double DEFAULT NULL,
  `TAX` double DEFAULT NULL,
  `ORDER_NO` int(11) DEFAULT NULL,
  `EXPORT_ID` varchar(255) DEFAULT NULL,
  `FACTORY_ID` varchar(255) DEFAULT NULL,
  PRIMARY KEY (`EXPORT_PRODUCT_ID`),
  KEY `FK40145E0851F341D8` (`EXPORT_ID`),
  KEY `FK40145E08586B149C` (`FACTORY_ID`),
  CONSTRAINT `FK40145E0851F341D8` FOREIGN KEY (`EXPORT_ID`) REFERENCES `export_c` (`EXPORT_ID`),
  CONSTRAINT `FK40145E08586B149C` FOREIGN KEY (`FACTORY_ID`) REFERENCES `factory_c` (`FACTORY_ID`)
) ENGINE=InnoDB DEFAULT CHARSET=utf8;

-- ----------------------------
-- Records of export_product_c
-- ----------------------------
INSERT INTO `export_product_c` VALUES ('4028b8814ff0565d014ff058b10b0001', '2965', 'PCS', '144', '1', '1', '1', '1', '1', '1', '1', '17', '1', '5', '4028b8814ff0565d014ff058b1000000', '2');
INSERT INTO `export_product_c` VALUES ('4028b8814ff0565d014ff058b10b0003', 'JK1700011', 'PCS', '504', '24', '1', '1', '1', '1', '1', '1', '4.6', '1', '3', '4028b8814ff0565d014ff058b1000000', '3');
INSERT INTO `export_product_c` VALUES ('4028b8814ff0565d014ff058b10b0004', '2977', 'PCS', '144', '1', '1', '1', '1', '1', '1', '1', '17', '1', '4', '4028b8814ff0565d014ff058b1000000', '2');
INSERT INTO `export_product_c` VALUES ('4028b8814ff0565d014ff058b10c0005', '2964', 'PCS', '144', '1', '1', '1', '1', '1', '1', '1', '24', '1', '2', '4028b8814ff0565d014ff058b1000000', '2');
INSERT INTO `export_product_c` VALUES ('4028b8814ff0565d014ff058b10c0007', '2976', 'PCS', '144', '1', '1', '1', '1', '1', '1', '1', '17', '1', '1', '4028b8814ff0565d014ff058b1000000', '2');
INSERT INTO `export_product_c` VALUES ('4028b8814ff068a8014ff069b96c0001', 'JK1014005', 'PCS', '1800', '4', null, null, null, null, null, null, '5.3', null, '4', '4028b8814ff068a8014ff069b9680000', '1');
INSERT INTO `export_product_c` VALUES ('4028b8814ff068a8014ff069b96c0003', 'JK1080766-3', 'PCS', '1800', '3', null, null, null, null, null, null, '5.3', null, '1', '4028b8814ff068a8014ff069b9680000', '1');
INSERT INTO `export_product_c` VALUES ('4028b8814ff068a8014ff069b96d0005', 'JK1014003', 'PCS', '1200', '2', null, null, null, null, null, null, '7.5', null, '3', '4028b8814ff068a8014ff069b9680000', '7');
INSERT INTO `export_product_c` VALUES ('4028b8814ff068a8014ff069b96d0007', 'JK1014001', 'PCS', '1000', '1', null, null, null, null, null, null, '16.5', null, '2', '4028b8814ff068a8014ff069b9680000', '1');
INSERT INTO `export_product_c` VALUES ('4028b8814ff068a8014ff069b96d0009', 'JK1014006', 'PCS', '1800', '6', null, null, null, null, null, null, '5.3', null, '5', '4028b8814ff068a8014ff069b9680000', '1');

-- ----------------------------
-- Table structure for ext_cproduct_c
-- ----------------------------
DROP TABLE IF EXISTS `ext_cproduct_c`;
CREATE TABLE `ext_cproduct_c` (
  `EXT_CPRODUCT_ID` varchar(40) NOT NULL,
  `CONTRACT_PRODUCT_ID` varchar(40) DEFAULT NULL,
  `FACTORY_ID` varchar(40) DEFAULT NULL,
  `FACTORY_NAME` varchar(200) DEFAULT NULL,
  `PRODUCT_NO` varchar(50) DEFAULT NULL,
  `PRODUCT_IMAGE` varchar(200) DEFAULT NULL,
  `PRODUCT_DESC` varchar(600) DEFAULT NULL,
  `PACKING_UNIT` varchar(10) DEFAULT NULL COMMENT 'PCS/SETS',
  `CNUMBER` int(11) DEFAULT NULL,
  `PRICE` decimal(10,2) DEFAULT NULL,
  `AMOUNT` decimal(10,2) DEFAULT NULL COMMENT '自动计算: 数量x单价',
  `PRODUCT_REQUEST` varchar(2000) DEFAULT NULL,
  `ORDER_NO` int(11) DEFAULT NULL,
  PRIMARY KEY (`EXT_CPRODUCT_ID`),
  KEY `FKFB9934EEC9AEE057` (`CONTRACT_PRODUCT_ID`),
  KEY `FKFB9934EE586B149C` (`FACTORY_ID`),
  CONSTRAINT `FKFB9934EE586B149C` FOREIGN KEY (`FACTORY_ID`) REFERENCES `factory_c` (`FACTORY_ID`),
  CONSTRAINT `FKFB9934EEC9AEE057` FOREIGN KEY (`CONTRACT_PRODUCT_ID`) REFERENCES `contract_product_c` (`CONTRACT_PRODUCT_ID`)
) ENGINE=InnoDB DEFAULT CHARSET=utf8;

-- ----------------------------
-- Records of ext_cproduct_c
-- ----------------------------
INSERT INTO `ext_cproduct_c` VALUES ('4028817a3357462e013359291f540007', '4028817a3357462e0133591b86ec0003', '16', '康达', '2965', 'undefined', '彩盒，新菲林\r\n配全明料糖缸带盖子\r\n彩盒尺寸：20X20X41CM', 'PCS', '144', '3.20', '460.80', '1.彩盒要求350克面纸；\r\n2.工厂待用安全包装，待我司运至工厂；\r\n3.工厂免费提供1%余量，以防划伤，破损；\r\n4.交期:2011年11月05日。', '2');
INSERT INTO `ext_cproduct_c` VALUES ('4028817a3357462e013359291f640008', '4028817a3357462e0133591b86ec0004', '16', '康达', '2964', '', '彩盒，新菲林\r\n配全明料糖缸带盖子\r\n彩盒尺寸：22.5X22.5X48.5CM', 'PCS', '144', '4.00', '576.00', '1.彩盒要求350克面纸；\r\n2.工厂待用安全包装，待我司运至工厂；\r\n3.工厂免费提供1%余量，以防划伤，破损；\r\n4.交期:2011年11月05日。', '1');
INSERT INTO `ext_cproduct_c` VALUES ('4028817a3357462e013359291f640009', '4028817a3357462e0133592355750006', '16', '康达', '2976', 'undefined', '彩盒，新菲林\r\n配明料糖缸带盖子\r\n彩盒尺寸：25.7X25.7X35.7CM', 'PCS', '144', '3.90', '561.60', '1.彩盒要求350克面纸；\r\n2.工厂待用安全包装，待我司运至工厂；\r\n3.工厂免费提供1%余量，以防划伤，破损；\r\n4.交期:2011年11月05日。', '4');
INSERT INTO `ext_cproduct_c` VALUES ('4028817a3357462e013359291f64000a', '4028817a3357462e0133592355750006', '16', '康达', '2976', 'undefined', '彩盒，新菲林\r\n配全明料糖缸带盖子\r\n彩盒尺寸：21.5X21.5X41CM', 'PCS', '144', '3.30', '475.20', '1.彩盒要求350克面纸；\r\n2.工厂待用安全包装，待我司运至工厂；\r\n3.工厂免费提供1%余量，以防划伤，破损；\r\n4.交期:2011年11月05日。', '3');
INSERT INTO `ext_cproduct_c` VALUES ('4028817a33812ffd0133820c0a460028', '4028817a33812ffd013382048ff80027', '19', '综艺花纸', '20-37-266/JK1050164', '73be2c8a-b961-4ae9-899a-2d259ecd152b.png', '蒙砂白花纸\r\n配全明料蛋糕罩\r\n\r\n送祁县宏艺厂', 'PCS', '1200', '0.40', '480.00', '1.产品的颜色、造型、尺寸、重量务必同我司封样一致；\r\n2.工厂免费提供2% 余量，以防损耗，代用包装送至指定工厂；请在外包装上注明相对应的合同号及货号；\r\n3.交期:2011年12月05日；', '3');
INSERT INTO `ext_cproduct_c` VALUES ('4028817a33812ffd0133820c0a460029', '4028817a33812ffd013382048ff80026', '19', '综艺花纸', '20-37-265/JK1050163', '1af851ab-98ff-4227-ba39-1175dca33c6f.png', '蒙砂白花纸\r\n配全明料蛋糕罩\r\n\r\n送祁县宏艺厂', 'PCS', '1200', '0.38', '456.00', '1.产品的颜色、造型、尺寸、重量务必同我司封样一致；\r\n2.工厂免费提供2% 余量，以防损耗，代用包装送至指定工厂；请在外包装上注明相对应的合同号及货号；\r\n3.交期:2011年12月05日；', '2');
INSERT INTO `ext_cproduct_c` VALUES ('4028817a33812ffd0133820c0a46002a', '4028817a33812ffd013382048ff80025', '19', '综艺花纸', '20-37-264/JK1051087', 'bdf6ff59-ab4c-4218-a554-361ec409a04f.png', '蒙砂白花纸\r\n配全明料蛋糕罩\r\n\r\n送祁县宏艺厂', 'PCS', '1200', '0.35', '420.00', '1.产品的颜色、造型、尺寸、重量务必同我司封样一致；\r\n2.工厂免费提供2% 余量，以防损耗，代用包装送至指定工厂；请在外包装上注明相对应的合同号及货号；\r\n3.交期:2011年12月05日；', '1');
INSERT INTO `ext_cproduct_c` VALUES ('4028817a33d4f8b40133d994c45e0021', '4028817a33d4f8b40133d9878e880014', '19', '综艺花纸', 'JK169340/13076', 'undefined', '蒙砂白花纸\r\n烤在蛋糕罩上\r\n送祁县光华厂', 'PCS', '464', '1.02', '473.28', '1.产品的颜色、造型、尺寸、务必同我司提供样稿一致；\r\n2.工厂免费提供2% 余量，以防损耗，代用包装送至指定工厂；请在外包装上注明相对应的合同号及货号；\r\n3.交期:2011年11月20日。', '2');
INSERT INTO `ext_cproduct_c` VALUES ('4028817a33d4f8b40133d994c45e0022', '4028817a33d4f8b40133d9878e880016', '19', '综艺花纸', 'JK1050201/12078', '', '蒙砂白花纸\r\n烤在蛋糕罩上\r\n送祁县光华厂', 'PCS', '204', '0.80', '163.20', '1.产品的颜色、造型、尺寸、务必同我司提供的样稿一致；\r\n2.工厂免费提供2% 余量，以防损耗，代用包装送至指定工厂；请在外包装上注明相对应的合同号及货号；\r\n3.交期:2011年11月20日送指定工厂。', '1');
INSERT INTO `ext_cproduct_c` VALUES ('4028817a33ecdbf70133edfc84d40001', '4028817a3357462e01336d3a0be10018', '19', '综艺花纸', 'JK1014005', '94d2d773-24b6-412e-b0e3-0fc9dddf0955.png', '低温鱼花纸\r\n明料低口杯\r\n祁县宏艺厂', 'PCS', '1800', '1.20', '2160.00', '1.产品的颜色、造型、尺寸、务必同提供的样品一致；\r\n2.工厂免费提供2% 余量，以防损耗，代用包装送至指定工厂；请在外包装上注明相对应的合同号及货号；\r\n3.交期:2011年12月10；', '4');
INSERT INTO `ext_cproduct_c` VALUES ('4028817a33ecdbf70133edfc84e40002', '4028817a3357462e01336d3a0be10019', '19', '综艺花纸', 'JK1080766-3', '29bb909d-d527-475d-bfbe-e5e05a02349c.png', '套3白花纸\r\n\r\n送祁县宏艺厂', 'SETS', '600', '0.60', '360.00', '1.产品的颜色、造型、尺寸、务必同提供的样品一致；\r\n2.工厂免费提供2% 余量，以防损耗，代用包装送至指定工厂；请在外包装上注明相对应的合同号及货号；\r\n3.交期:2011年12月10；', '1');
INSERT INTO `ext_cproduct_c` VALUES ('4028817a33ecdbf70133edfc84e40003', '4028817a3357462e01336d3a0be10017', '19', '综艺花纸', 'JK1014006', '7be85008-7652-4995-aaca-3ade8405eca9.png', '套6彩色花纸\r\n明料低口杯\r\n祁县宏艺厂', 'SETS', '300', '9.00', '2700.00', '1.产品的颜色、造型、尺寸、务必同提供的样品一致；\r\n2.工厂免费提供2% 余量，以防损耗，代用包装送至指定工厂；请在外包装上注明相对应的合同号及货号；\r\n3.交期:2011年12月10；', '5');
INSERT INTO `ext_cproduct_c` VALUES ('4028817a33ecdbf70133edfc84e40004', '4028817a3357462e01336d3a0be10016', '19', '综艺花纸', 'JK1014001', '7a3d341f-f473-44ce-9bd4-c7f2b87343ca.png', '低温鱼花纸\r\n明料大碗\r\n送祁县宏艺厂', 'PCS', '1000', '2.40', '2400.00', '1.产品的颜色、造型、尺寸、务必同提供的样品一致；\r\n2.工厂免费提供2% 余量，以防损耗，代用包装送至指定工厂；请在外包装上注明相对应的合同号及货号；\r\n3.交期:2011年12月10；', '2');
INSERT INTO `ext_cproduct_c` VALUES ('4028817a33ecdbf70133edfc84e40005', '4028817a3357462e01336d3a0be10015', '19', '综艺花纸', 'JK1014003', '73980c53-44f6-4232-8c04-9d08a66eeccb.png', '低温鱼花纸\r\n明料盘子\r\n\r\n送祁县天顺厂', 'PCS', '1200', '3.80', '4560.00', '1.产品的颜色、造型、尺寸、务必同提供的样品一致；\r\n2.工厂免费提供2% 余量，以防损耗，代用包装送至指定工厂；请在外包装上注明相对应的合同号及货号；\r\n3.交期:2011年12月10；', '3');
INSERT INTO `ext_cproduct_c` VALUES ('4028817a33fc4e280133fcdff5490011', '4028817a33fc4e280133fcdb13f40010', '19', '综艺花纸', 'JK046/JK1050201', 'undefined', '蒙砂白花纸\r\n烤在蛋糕罩子上\r\n送祁县光华厂', 'PCS', '600', '0.80', '480.00', '1.产品的颜色、造型、尺寸、重量务必同我司封样一致；\r\n2.工厂免费提供2% 余量，以防损耗，代用包装送至指定工厂；请在外包装上注明相对应的合同号及货号；\r\n3.交期:2011年11月15日；', '3');
INSERT INTO `ext_cproduct_c` VALUES ('4028817a33fc4e280133fcdff5490012', '4028817a33d4f8b40133d9bea39b0032', '20', '喜福来', 'JK1050807/JK033', 'undefined', '套6全明料酒杯\r\n杯碗电镀渐变色，挺底电镀\r\n尺寸：8X24CM高', 'SETS', '300', '21.00', '6300.00', '★   产品与封样无明显差异，唛头、标签及包装质量务必符合公司要求。 \r\n ★★  产品生产前期、中期、后期抽验率不得少于10%，质量和封样一致， \r\n       并将验货照片传回公司。 \r\n★★★ 重点客人的质量标准检验，产品抽验率不得少于50%，务必做到入箱前检查。 \r\n 交期：2011年12月15日/工厂。                          没有经过我司同意无故延期交货造成严重后果的，按照客人的相关要求处理。 \r\n 开票：出货后请将增值税发票、验货报告、合同复印件及出库单一并寄至我司，以便我司安排付款。', '2');
INSERT INTO `ext_cproduct_c` VALUES ('4028817a33fc4e280133fcdff5490013', '4028817a33d4f8b40133d9bea39b0030', '20', '喜福来', 'JK1050806/JK032', '', '套6全明料香槟杯\r\n杯碗电镀渐变色，挺底电镀\r\n尺寸：5.7X25CM高', 'SETS', '320', '21.00', '6720.00', '★   产品与封样无明显差异，唛头、标签及包装质量务必符合公司要求。 \r\n ★★  产品生产前期、中期、后期抽验率不得少于10%，质量和封样一致， \r\n       并将验货照片传回公司。 \r\n★★★ 重点客人的质量标准检验，产品抽验率不得少于50%，务必做到入箱前检查。 \r\n 交期：2011年12月15日/工厂。                          没有经过我司同意无故延期交货造成严重后果的，按照客人的相关要求处理。 \r\n 开票：出货后请将增值税发票、验货报告、合同复印件及出库单一并寄至我司，以便我司安排付款。', '1');
INSERT INTO `ext_cproduct_c` VALUES ('4028817a33fc4e280133fd906b0d0029', '4028817a33fc4e280133fd81e7d70027', '19', '综艺花纸', 'JK1040009/141760', 'undefined', '白色字母花纸 \r\n送祁县宏艺厂', 'PCS', '300', '0.90', '270.00', '1.产品的颜色、造型、尺寸、重量务必同我司封样一致；\r\n2.工厂免费提供2% 余量，以防损耗，代用包装送至指定工厂；请在外包装上注明相对应的合同号及货号；\r\n3.交期:2011年11月25日；', '3');
INSERT INTO `ext_cproduct_c` VALUES ('4028817a33fc4e280133fd906b0d002a', '4028817a33fc4e280133fd81e7d7001f', '19', '综艺花纸', 'J859102682/113860', '', '白色字母花纸\r\nSTORAGE ONLY\r\n祁县宏艺厂', 'PCS', '300', '0.40', '120.00', '1.产品的颜色、造型、尺寸、重量务必同我司封样一致；\r\n2.工厂免费提供2% 余量，以防损耗，代用包装送至指定工厂；请在外包装上注明相对应的合同号及货号；\r\n3.交期:2011年11月25日；', '1');
INSERT INTO `ext_cproduct_c` VALUES ('4028817a33fc4e280133fd906b0d002b', '4028817a33fc4e280133fd81e7d70026', '19', '综艺花纸', 'JK10501218/160380', 'undefined', '白色字母花纸 \r\n送祁县宏艺厂', 'PCS', '600', '0.40', '240.00', '1.产品的颜色、造型、尺寸、重量务必同我司封样一致；\r\n2.工厂免费提供2% 余量，以防损耗，代用包装送至指定工厂；请在外包装上注明相对应的合同号及货号；\r\n3.交期:2011年11月25日；', '4');
INSERT INTO `ext_cproduct_c` VALUES ('4028817a33fc4e280133fd906b0d002c', '4028817a33fc4e280133fd81e7d70021', '19', '综艺花纸', '123540', 'undefined', '白色字母花纸(HIGH TEA)\r\n字体：ENGLISH SCRIPT\r\n尺寸：18X5.5CM\r\n祁县光华厂', 'PCS', '100', '0.30', '30.00', '1.产品的颜色、造型、尺寸、重量务必同我司封样一致；\r\n2.工厂免费提供2% 余量，以防损耗，代用包装送至指定工厂；请在外包装上注明相对应的合同号及货号；\r\n3.交期:2011年11月25日；', '5');
INSERT INTO `ext_cproduct_c` VALUES ('4028817a33fc4e280133fd906b0d002d', '4028817a33fc4e280133fd81e7d70022', '19', '综艺花纸', 'JK1052446/158080', 'undefined', '白色字母花纸\r\n\r\n \r\n祁县会龙厂', 'PCS', '702', '0.25', '175.50', '1.产品的颜色、造型、尺寸、重量务必同我司封样一致；\r\n2.工厂免费提供2% 余量，以防损耗，代用包装送至指定工厂；请在外包装上注明相对应的合同号及货号；\r\n3.交期:2011年11月25日；', '2');
INSERT INTO `ext_cproduct_c` VALUES ('4028817a33fc4e280133fd906b0d002e', '4028817a33fc4e280133fd81e7d7001e', '19', '综艺花纸', '169280', 'undefined', '白色字母花纸(HIGH TEA)\r\n字体：ENGLISH SCRIPT\r\n尺寸：18X5.5CM\r\n祁县光华厂', 'PCS', '100', '0.30', '30.00', '1.产品的颜色、造型、尺寸、重量务必同我司封样一致；\r\n2.工厂免费提供2% 余量，以防损耗，代用包装送至指定工厂；请在外包装上注明相对应的合同号及货号；\r\n3.交期:2011年11月25日；', '6');
INSERT INTO `ext_cproduct_c` VALUES ('4028817a33fc4e280133fded2e6d0040', '4028817a33fc4e280133fde6504f0039', '19', '综艺花纸', 'JK169340/13076', 'undefined', '蒙砂白花纸\r\n\"烤在蛋糕罩子上(25X26CM)\r\n\"\r\n祁县光华厂', 'PCS', '200', '1.02', '204.00', '1.产品的颜色、造型、尺寸、重量务必同我司封样一致；\r\n2.工厂免费提供2% 余量，以防损耗，代用包装送至指定工厂；请在外包装上注明相对应的合同号及货号；\r\n3.交期:2011年11月20日', '4');
INSERT INTO `ext_cproduct_c` VALUES ('4028817a33fc4e280133fded2e6d0041', '4028817a33fc4e280133fde6504f0038', '19', '综艺花纸', 'JK1050198/12860', 'undefined', '蒙砂白花纸\r\n烤在红酒杯（11X19CM)上\r\n送平遥鸿艺', 'PCS', '400', '0.49', '196.00', '1.产品的颜色、造型、尺寸、重量务必同我司封样一致；\r\n2.工厂免费提供2% 余量，以防损耗，代用包装送至指定工厂；请在外包装上注明相对应的合同号及货号；\r\n3.交期:2011年11月20日', '3');
INSERT INTO `ext_cproduct_c` VALUES ('4028817a33fc4e280133fded2e6d0042', '4028817a33fc4e280133fde6504f003c', '19', '综艺花纸', 'JK1050195/12859', 'undefined', '蒙砂白花纸\r\n烤在香槟杯(8X21CM)上\r\n送平遥鸿艺', 'PCS', '400', '0.40', '160.00', '1.产品的颜色、造型、尺寸、重量务必同我司封样一致；\r\n2.工厂免费提供2% 余量，以防损耗，代用包装送至指定工厂；请在外包装上注明相对应的合同号及货号；\r\n3.交期:2011年11月20日', '2');
INSERT INTO `ext_cproduct_c` VALUES ('4028817a33fc4e280133fded2e6d0043', '4028817a33fc4e280133fde6504f0037', '19', '综艺花纸', 'JK1050201/12078', '', '蒙砂白花纸\r\n烤在蛋糕罩子上\r\n祁县光华厂', 'PCS', '402', '0.80', '321.60', '1.产品的颜色、造型、尺寸、重量务必同我司封样一致；\r\n2.工厂免费提供2% 余量，以防损耗，代用包装送至指定工厂；请在外包装上注明相对应的合同号及货号；\r\n3.交期:2011年11月20日；', '1');
INSERT INTO `ext_cproduct_c` VALUES ('4028817a343a5c9101343a6fd3200001', '4028817a33812ffd0133816aacd40019', '22', '瑞成', '4998', 'undefined', '全明料死模风灯 ，电镀花银喷紫色\r\n尺寸：11.5X30.5CM', 'PCS', '300', '1.70', '510.00', '★   产品与封样无明显差异，唛头、标签及包装质量务必符合公司要求。 \r\n ★★  产品生产前期、中期、后期抽验率不得少于10%，质量和封样一致， \r\n       并将验货照片传回公司。 \r\n★★★ 重点客人的质量标准检验，产品抽验率不得少于50%，务必做到入箱前检查。 \r\n 交期：2012年1月10日/工厂。\r\n       没有经过我司同意无故延期交货造成严重后果的，按照客人的相关要求处理。 \r\n 开票：出货后请将增值税发票、验货报告、合同复印件及出库单一并寄至我司，以便我司安排付款。', '6');
INSERT INTO `ext_cproduct_c` VALUES ('4028817a343a5c9101343a6fd35f0002', '4028817a33812ffd0133816aacd40017', '19', '综艺花纸', '5117', 'undefined', '白金字母花纸\r\nSWEETS\r\n送祁县光华厂', 'PCS', '300', '3.00', '900.00', '1.产品的颜色、造型、尺寸、重量务必同我司封样一致；\r\n2.工厂免费提供2% 余量，以防损耗，代用包装送至指定工厂；请在外包装上注明相对应的合同号及货号；\r\n3.交期:2011年11月30日；', '12');
INSERT INTO `ext_cproduct_c` VALUES ('4028817a343a5c9101343a6fd35f0003', '4028817a33812ffd0133813f25a30002', '22', '瑞成', '4993', '', '全明料死模风灯，电镀花银喷绿色\r\n尺寸：11.5X20.3CM\r\n毛坯1月25日送', 'PCS', '300', '1.70', '510.00', '★   产品与封样无明显差异，唛头、标签及包装质量务必符合公司要求。 \r\n ★★  产品生产前期、中期、后期抽验率不得少于10%，质量和封样一致， \r\n       并将验货照片传回公司。 \r\n★★★ 重点客人的质量标准检验，产品抽验率不得少于50%，务必做到入箱前检查。 \r\n 交期：2012年1月10日/工厂。\r\n       没有经过我司同意无故延期交货造成严重后果的，按照客人的相关要求处理。 \r\n 开票：出货后请将增值税发票、验货报告、合同复印件及出库单一并寄至我司，以便我司安排付款。', '1');
INSERT INTO `ext_cproduct_c` VALUES ('4028817a343a5c9101343a6fd35f0004', '4028817a33812ffd0133816aacd40018', '22', '瑞成', '5400', 'undefined', '全明料死模风灯，电镀花银喷蓝色\r\n尺寸：17X23CM高', 'PCS', '300', '3.50', '1050.00', '★   产品与封样无明显差异，唛头、标签及包装质量务必符合公司要求。 \r\n ★★  产品生产前期、中期、后期抽验率不得少于10%，质量和封样一致， \r\n       并将验货照片传回公司。 \r\n★★★ 重点客人的质量标准检验，产品抽验率不得少于50%，务必做到入箱前检查。 \r\n 交期：2012年1月10日/工厂。\r\n       没有经过我司同意无故延期交货造成严重后果的，按照客人的相关要求处理。 \r\n 开票：出货后请将增值税发票、验货报告、合同复印件及出库单一并寄至我司，以便我司安排付款。', '10');
INSERT INTO `ext_cproduct_c` VALUES ('4028817a343a5c9101343a6fd35f0005', '4028817a33812ffd0133816aacd4000d', '22', '瑞成', '4996', 'undefined', '全明料死模风灯，电镀花银喷绿色\r\n尺寸：11.5X30.5CM高', 'PCS', '300', '1.70', '510.00', '★   产品与封样无明显差异，唛头、标签及包装质量务必符合公司要求。 \r\n ★★  产品生产前期、中期、后期抽验率不得少于10%，质量和封样一致， \r\n       并将验货照片传回公司。 \r\n★★★ 重点客人的质量标准检验，产品抽验率不得少于50%，务必做到入箱前检查。 \r\n 交期：2012年1月10日/工厂。\r\n       没有经过我司同意无故延期交货造成严重后果的，按照客人的相关要求处理。 \r\n 开票：出货后请将增值税发票、验货报告、合同复印件及出库单一并寄至我司，以便我司安排付款。', '4');
INSERT INTO `ext_cproduct_c` VALUES ('4028817a343a5c9101343a6fd35f0006', '4028817a33812ffd0133816aacd40014', '22', '瑞成', '5336', 'undefined', '全明料死模风灯，电镀花银喷绿色\r\n尺寸：14.5X20CM高', 'PCS', '300', '2.00', '600.00', '★   产品与封样无明显差异，唛头、标签及包装质量务必符合公司要求。 \r\n ★★  产品生产前期、中期、后期抽验率不得少于10%，质量和封样一致， \r\n       并将验货照片传回公司。 \r\n★★★ 重点客人的质量标准检验，产品抽验率不得少于50%，务必做到入箱前检查。 \r\n 交期：2012年1月10日/工厂。\r\n       没有经过我司同意无故延期交货造成严重后果的，按照客人的相关要求处理。 \r\n 开票：出货后请将增值税发票、验货报告、合同复印件及出库单一并寄至我司，以便我司安排付款。', '8');
INSERT INTO `ext_cproduct_c` VALUES ('4028817a343a5c9101343a6fd35f0007', '4028817a33812ffd0133813f25a30003', '22', '瑞成', '4994', 'undefined', '全明料死模风灯，电镀花银喷蓝色\r\n尺寸：11.5X20.3CM高', 'PCS', '300', '1.70', '510.00', '★   产品与封样无明显差异，唛头、标签及包装质量务必符合公司要求。 \r\n ★★  产品生产前期、中期、后期抽验率不得少于10%，质量和封样一致， \r\n       并将验货照片传回公司。 \r\n★★★ 重点客人的质量标准检验，产品抽验率不得少于50%，务必做到入箱前检查。 \r\n 交期：2012年1月10日/工厂。\r\n       没有经过我司同意无故延期交货造成严重后果的，按照客人的相关要求处理。 \r\n 开票：出货后请将增值税发票、验货报告、合同复印件及出库单一并寄至我司，以便我司安排付款。', '2');
INSERT INTO `ext_cproduct_c` VALUES ('4028817a343a5c9101343a6fd35f0008', '4028817a33812ffd0133816aacd40011', '20', '喜福来', '6998', 'undefined', '全明料蛋糕盘，盘沿电镀\r\n尺寸：6-1/2\"X12-1/2\"高', 'PCS', '300', '6.00', '1800.00', '★   产品与封样无明显差异，唛头、标签及包装质量务必符合公司要求。 \r\n ★★  产品生产前期、中期、后期抽验率不得少于10%，质量和封样一致， \r\n       并将验货照片传回公司。 \r\n★★★ 重点客人的质量标准检验，产品抽验率不得少于50%，务必做到入箱前检查。 \r\n 交期：2012年1月10日/工厂。\r\n       没有经过我司同意无故延期交货造成严重后果的，按照客人的相关要求处理。 \r\n 开票：出货后请将增值税发票、验货报告、合同复印件及出库单一并寄至我司，以便我司安排付款。', '11');
INSERT INTO `ext_cproduct_c` VALUES ('4028817a343a5c9101343a6fd35f0009', '4028817a33812ffd0133816aacd4000c', '22', '瑞成', '4997', 'undefined', '全明料死模风灯，电镀花银喷蓝色\r\n尺寸：11.5X30.5CM高', 'PCS', '300', '1.70', '510.00', '★   产品与封样无明显差异，唛头、标签及包装质量务必符合公司要求。 \r\n ★★  产品生产前期、中期、后期抽验率不得少于10%，质量和封样一致， \r\n       并将验货照片传回公司。 \r\n★★★ 重点客人的质量标准检验，产品抽验率不得少于50%，务必做到入箱前检查。 \r\n 交期：2012年1月10日/工厂。\r\n       没有经过我司同意无故延期交货造成严重后果的，按照客人的相关要求处理。 \r\n 开票：出货后请将增值税发票、验货报告、合同复印件及出库单一并寄至我司，以便我司安排付款。', '5');
INSERT INTO `ext_cproduct_c` VALUES ('4028817a343a5c9101343a6fd35f000a', '4028817a33812ffd0133816aacd40012', '19', '综艺花纸', '5118', 'undefined', '白金字母花纸\r\nSWEETS\r\n送祁县光华厂', 'PCS', '600', '3.00', '1800.00', '1.产品的颜色、造型、尺寸、重量务必同我司封样一致；\r\n2.工厂免费提供2% 余量，以防损耗，代用包装送至指定工厂；请在外包装上注明相对应的合同号及货号；\r\n3.交期:2011年11月30日；', '13');
INSERT INTO `ext_cproduct_c` VALUES ('4028817a343a5c9101343a6fd35f000b', '4028817a33812ffd0133816aacd40015', '22', '瑞成', '5337', 'undefined', '全明料死模风灯，电镀花银喷蓝色\r\n尺寸：14.5X20CM高', 'PCS', '300', '2.00', '600.00', '★   产品与封样无明显差异，唛头、标签及包装质量务必符合公司要求。 \r\n ★★  产品生产前期、中期、后期抽验率不得少于10%，质量和封样一致， \r\n       并将验货照片传回公司。 \r\n★★★ 重点客人的质量标准检验，产品抽验率不得少于50%，务必做到入箱前检查。 \r\n 交期：2012年1月10日/工厂。\r\n       没有经过我司同意无故延期交货造成严重后果的，按照客人的相关要求处理。 \r\n 开票：出货后请将增值税发票、验货报告、合同复印件及出库单一并寄至我司，以便我司安排付款。', '9');
INSERT INTO `ext_cproduct_c` VALUES ('4028817a343a5c9101343a6fd35f000c', '4028817a33812ffd0133816aacc40009', '22', '瑞成', '5331', 'undefined', '全明料死模风灯，电镀花银喷绿色\r\n尺寸：17X23CM高', 'PCS', '300', '3.50', '1050.00', '★   产品与封样无明显差异，唛头、标签及包装质量务必符合公司要求。 \r\n ★★  产品生产前期、中期、后期抽验率不得少于10%，质量和封样一致， \r\n       并将验货照片传回公司。 \r\n★★★ 重点客人的质量标准检验，产品抽验率不得少于50%，务必做到入箱前检查。 \r\n 交期：2012年1月10日/工厂。\r\n       没有经过我司同意无故延期交货造成严重后果的，按照客人的相关要求处理。 \r\n 开票：出货后请将增值税发票、验货报告、合同复印件及出库单一并寄至我司，以便我司安排付款。', '7');
INSERT INTO `ext_cproduct_c` VALUES ('4028817a343a5c9101343a6fd35f000d', '4028817a33812ffd0133813f25a30004', '22', '瑞成', '4995', 'undefined', '全明料死模风灯，电镀花银喷紫色\r\n尺寸：11.5X20.3CM', 'PCS', '300', '1.70', '510.00', '★   产品与封样无明显差异，唛头、标签及包装质量务必符合公司要求。 \r\n ★★  产品生产前期、中期、后期抽验率不得少于10%，质量和封样一致， \r\n       并将验货照片传回公司。 \r\n★★★ 重点客人的质量标准检验，产品抽验率不得少于50%，务必做到入箱前检查。 \r\n 交期：2012年1月10日/工厂。\r\n       没有经过我司同意无故延期交货造成严重后果的，按照客人的相关要求处理。 \r\n 开票：出货后请将增值税发票、验货报告、合同复印件及出库单一并寄至我司，以便我司安排付款。', '3');
INSERT INTO `ext_cproduct_c` VALUES ('4028817a353b8d8e01353cad7b730023', '4028817a3420e78a013421a693820007', '19', '综艺花纸', '5117', 'undefined', '白金字母花纸\r\nSWEETS\r\n送祁县光华厂', 'PCS', '300', '3.00', '900.00', '1.产品的颜色、造型、尺寸、重量务必同我司封样一致；\r\n2.工厂免费提供2% 余量，以防损耗，代用包装送至指定工厂；请在外包装上注明相对应的合同号及货号；\r\n3.交期:2012年1月15日。', '11');
INSERT INTO `ext_cproduct_c` VALUES ('4028817a353b8d8e01353cad7b730024', '4028817a3420e78a013421e2e3c1001a', '4028817a33ecdbf70133ee202e49000b', '瑞成电镀厂', '5337', 'e877a4e2-2e48-4b06-91a8-3fb64f150a0f.jpg', '全明料死模风灯，电镀花银喷蓝色			\r\n尺寸：14.5X20CM高			\r\n1只/五层内盒      12只/大箱			\r\n毛坯1月30日送', 'PCS', '300', '3.00', '900.00', '★   产品与封样无明显差异，唛头、标签及包装质量务必符合公司要求。 \r\n ★★  产品生产前期、中期、后期抽验率不得少于10%，质量和封样一致， \r\n       并将验货照片传回公司。 \r\n★★★ 重点客人的质量标准检验，产品抽验率不得少于50%，务必做到入箱前检查。 \r\n 交期：2012年2月15日/工厂。       没有经过我司同意无故延期交货造成严重后果的，按照客人的相关要求处理。 \r\n 开票：出货后请将增值税发票、验货报告、合同复印件及出库单一并寄至我司，以便我司安排付款。', '9');
INSERT INTO `ext_cproduct_c` VALUES ('4028817a353b8d8e01353cad7b730027', '4028817a3420e78a013421a693820002', '4028817a33ecdbf70133ee202e49000b', '瑞成电镀厂', '4995', 'b232e729-a02f-48b2-987b-2c6311827816.jpg', '全明料死模风灯，电镀花银喷浅紫色\r\n明料挺底			\r\n尺寸：11.5X20.3CM		\r\n1只/五层内盒     12只/大箱	\r\n毛坯1月30日送', 'PCS', '300', '1.70', '510.00', '★   产品与封样无明显差异，唛头、标签及包装质量务必符合公司要求。 \r\n ★★  产品生产前期、中期、后期抽验率不得少于10%，质量和封样一致， \r\n       并将验货照片传回公司。 \r\n★★★ 重点客人的质量标准检验，产品抽验率不得少于50%，务必做到入箱前检查。 \r\n 交期：2012年2月15日/工厂。毛坯送至祁县瑞成玻璃镀膜厂。 \r\n       没有经过我司同意无故延期交货造成严重后果的，按照客人的相关要求处理。 \r\n 开票：出货后请将增值税发票、验货报告、合同复印件及出库单一并寄至我司，以便我司安排付款。', '3');
INSERT INTO `ext_cproduct_c` VALUES ('4028817a353b8d8e01353cad7b730029', '4028817a3420e78a013421a693820004', '4028817a33ecdbf70133ee202e49000b', '瑞成电镀厂', '4996', '987692c0-6e47-4117-b6c8-3dbbeaca1b0c.jpg', '全明料死模风灯，电镀花银喷浅绿色\r\n明料挺底			\r\n尺寸：11.5X30.5CM高		\r\n1只/五层内盒      6只/大箱	\r\n毛坯1月30日送', 'PCS', '300', '1.70', '510.00', '★   产品与封样无明显差异，唛头、标签及包装质量务必符合公司要求。 \r\n ★★  产品生产前期、中期、后期抽验率不得少于10%，质量和封样一致， \r\n       并将验货照片传回公司。 \r\n★★★ 重点客人的质量标准检验，产品抽验率不得少于50%，务必做到入箱前检查。 \r\n 交期：2012年2月15日/工厂。毛坯送至祁县瑞成玻璃镀膜厂。 \r\n       没有经过我司同意无故延期交货造成严重后果的，按照客人的相关要求处理。 \r\n 开票：出货后请将增值税发票、验货报告、合同复印件及出库单一并寄至我司，以便我司安排付款。', '4');
INSERT INTO `ext_cproduct_c` VALUES ('4028817a353b8d8e01353cad7b73002a', '4028817a3420e78a013421a693820006', '4028817a33ecdbf70133ee202e49000b', '瑞成电镀厂', '4993', 'a803fa9e-dda1-476a-a822-a51b226aca39.jpg', '全明料死模风灯，电镀花银喷浅绿色 \r\n明料挺底			\r\n尺寸：11.5X20.3CM		\r\n1只/五层内盒      12只/大箱	\r\n毛坯1月30日送', 'PCS', '300', '1.70', '510.00', '★   产品与封样无明显差异，唛头、标签及包装质量务必符合公司要求。 \r\n ★★  产品生产前期、中期、后期抽验率不得少于10%，质量和封样一致， \r\n       并将验货照片传回公司。 \r\n★★★ 重点客人的质量标准检验，产品抽验率不得少于50%，务必做到入箱前检查。 \r\n 交期：2012年2月15日/工厂。       没有经过我司同意无故延期交货造成严重后果的，按照客人的相关要求处理。 \r\n 开票：出货后请将增值税发票、验货报告、合同复印件及出库单一并寄至我司，以便我司安排付款。', '1');
INSERT INTO `ext_cproduct_c` VALUES ('4028817a353b8d8e01353cad7b73002b', '4028817a3420e78a013421d2e3fe0014', '4028817a33ecdbf70133ee202e49000b', '瑞成电镀厂', '5331', '51902cb9-1650-480b-8373-2da4c3f2338b.jpg', '全明料死模风灯，电镀花银喷绿色			\r\n尺寸：17X23CM高			\r\n1只/五层内盒      6只/大箱			\r\n毛坯1月30日送', 'PCS', '300', '3.50', '1050.00', '★   产品与封样无明显差异，唛头、标签及包装质量务必符合公司要求。 \r\n ★★  产品生产前期、中期、后期抽验率不得少于10%，质量和封样一致， \r\n       并将验货照片传回公司。 \r\n★★★ 重点客人的质量标准检验，产品抽验率不得少于50%，务必做到入箱前检查。 \r\n 交期：2012年2月15日/工厂。       没有经过我司同意无故延期交货造成严重后果的，按照客人的相关要求处理。 \r\n 开票：出货后请将增值税发票、验货报告、合同复印件及出库单一并寄至我司，以便我司安排付款。', '7');
INSERT INTO `ext_cproduct_c` VALUES ('4028817a353b8d8e01353cad7b73002d', '4028817a3420e78a013421a693820003', '4028817a33ecdbf70133ee202e49000b', '瑞成电镀厂', '4994', '05b37ddc-8904-4df3-8167-b98129c600de.jpg', '全明料死模风灯，电镀花银喷浅蓝色\r\n明料挺底			\r\n尺寸：11.5X20.3CM		\r\n1只/五层内盒     12只/大箱	\r\n毛坯1月30日送', 'PCS', '300', '1.70', '510.00', '★   产品与封样无明显差异，唛头、标签及包装质量务必符合公司要求。 \r\n ★★  产品生产前期、中期、后期抽验率不得少于10%，质量和封样一致， \r\n       并将验货照片传回公司。 \r\n★★★ 重点客人的质量标准检验，产品抽验率不得少于50%，务必做到入箱前检查。 \r\n 交期：2012年2月15日/工厂。毛坯送至祁县瑞成玻璃镀膜厂。 \r\n       没有经过我司同意无故延期交货造成严重后果的，按照客人的相关要求处理。 \r\n 开票：出货后请将增值税发票、验货报告、合同复印件及出库单一并寄至我司，以便我司安排付款。', '2');
INSERT INTO `ext_cproduct_c` VALUES ('4028817a353b8d8e01353cadeab80031', '4028817a3420e78a013421a693920011', '4028817a33ecdbf70133ee202e49000b', '瑞成电镀厂', '4997', '7dbc495e-a12c-4eec-9975-c93c1b3f4297.jpg', '全明料死模风灯，电镀花银喷浅蓝色\r\n明料挺底			\r\n尺寸：11.5X30.5CM高		\r\n1只/五层内盒      6只/大箱	\r\n毛坯1月30日送', 'PCS', '300', '1.70', '510.00', '★   产品与封样无明显差异，唛头、标签及包装质量务必符合公司要求。 \r\n ★★  产品生产前期、中期、后期抽验率不得少于10%，质量和封样一致， \r\n       并将验货照片传回公司。 \r\n★★★ 重点客人的质量标准检验，产品抽验率不得少于50%，务必做到入箱前检查。 \r\n 交期：2012年2月15日/工厂。       没有经过我司同意无故延期交货造成严重后果的，按照客人的相关要求处理。 \r\n 开票：出货后请将增值税发票、验货报告、合同复印件及出库单一并寄至我司，以便我司安排付款。', '5');
INSERT INTO `ext_cproduct_c` VALUES ('4028817a353b8d8e01353cadeab80037', '4028817a3420e78a013421a693820005', '19', '综艺花纸', '5118', 'undefined', '白金字母花纸\r\nSWEETS\r\n送祁县光华厂', 'PCS', '300', '3.00', '900.00', '1.产品的颜色、造型、尺寸、重量务必同我司封样一致；\r\n2.工厂免费提供2% 余量，以防损耗，代用包装送至指定工厂；请在外包装上注明相对应的合同号及货号；\r\n3.交期:2012年1月15日。', '12');
INSERT INTO `ext_cproduct_c` VALUES ('4028817a353b8d8e01353cadec6d003a', '4028817a3420e78a013421d2e3fe0013', '4028817a33ecdbf70133ee202e49000b', '瑞成电镀厂', '5336', 'c8350cd2-47ae-4054-ad81-70004fe4eb44.jpg', '全明料死模风灯，电镀花银喷绿色			\r\n 尺寸：14.5X20CM高			\r\n1只/五层内盒      12只/大箱			\r\n毛坯1月30日送', 'PCS', '300', '3.00', '900.00', '★   产品与封样无明显差异，唛头、标签及包装质量务必符合公司要求。 \r\n ★★  产品生产前期、中期、后期抽验率不得少于10%，质量和封样一致， \r\n       并将验货照片传回公司。 \r\n★★★ 重点客人的质量标准检验，产品抽验率不得少于50%，务必做到入箱前检查。 \r\n 交期：2012年2月15日/工厂。       没有经过我司同意无故延期交货造成严重后果的，按照客人的相关要求处理。 \r\n 开票：出货后请将增值税发票、验货报告、合同复印件及出库单一并寄至我司，以便我司安排付款。', '8');
INSERT INTO `ext_cproduct_c` VALUES ('4028817a353b8d8e01353cadec6d0042', '4028817a3420e78a013421a69382000e', '4028817a33ecdbf70133ee202e49000b', '瑞成电镀厂', '4998', '44fc2f77-af8a-42d3-8d9b-fa2bafa8f47a.jpg', '全明料死模风灯，电镀花银喷浅紫色\r\n明料挺底			\r\n尺寸：11.5X30.5CM高		\r\n1只/五层内盒      6只/大箱	\r\n毛坯1月30日送', 'PCS', '300', '1.70', '510.00', '★   产品与封样无明显差异，唛头、标签及包装质量务必符合公司要求。 \r\n ★★  产品生产前期、中期、后期抽验率不得少于10%，质量和封样一致， \r\n       并将验货照片传回公司。 \r\n★★★ 重点客人的质量标准检验，产品抽验率不得少于50%，务必做到入箱前检查。 \r\n 交期：2012年2月15日/工厂。毛坯送至祁县瑞成玻璃镀膜厂。 \r\n       没有经过我司同意无故延期交货造成严重后果的，按照客人的相关要求处理。 \r\n 开票：出货后请将增值税发票、验货报告、合同复印件及出库单一并寄至我司，以便我司安排付款。', '6');
INSERT INTO `ext_cproduct_c` VALUES ('4028817a353b8d8e01353cadec6d0044', '4028817a3420e78a013421e2e3c10016', '4028817a33ecdbf70133ee202e49000b', '瑞成电镀厂', '5400', '601585a1-ba16-42bb-9ffb-d187b521be1f.jpg', '全明料死模风灯，电镀花银喷蓝色			\r\n尺寸：17X23CM高			\r\n1只/五层内盒      6只/大箱			\r\n毛坯1月30日送', 'PCS', '300', '3.50', '1050.00', '★   产品与封样无明显差异，唛头、标签及包装质量务必符合公司要求。 \r\n ★★  产品生产前期、中期、后期抽验率不得少于10%，质量和封样一致， \r\n       并将验货照片传回公司。 \r\n★★★ 重点客人的质量标准检验，产品抽验率不得少于50%，务必做到入箱前检查。 \r\n 交期：2012年2月15日/工厂。       没有经过我司同意无故延期交货造成严重后果的，按照客人的相关要求处理。 \r\n 开票：出货后请将增值税发票、验货报告、合同复印件及出库单一并寄至我司，以便我司安排付款。', '10');
INSERT INTO `ext_cproduct_c` VALUES ('4028817a353b8d8e01353d39f06c005d', '4028817a353b8d8e01353d32350d0051', '19', '综艺花纸', '5117', 'aec0cd7f-795e-4c5f-b8c5-532b6479c4be.jpg', '白金字母花纸\r\nSWEETS\r\n安全包装送祁县光华厂', 'PCS', '100', '3.00', '300.00', '1.产品的颜色、造型、尺寸、重量务必同我司封样一致；\r\n2.工厂免费提供2% 余量，以防损耗，代用包装送至指定工厂；请在外包装上注明相对应的合同号及货号；\r\n3.交期:2012年2月5日。', '1');
INSERT INTO `ext_cproduct_c` VALUES ('4028817a353b8d8e01353d39f06c005e', '4028817a353b8d8e01353d32350d005b', '4028817a33ecdbf70133ee202e49000b', '瑞成电镀厂', '5336', '4436f9d7-b0e2-4926-9cd4-f6c66333c290.jpg', '全明料死模风灯，电镀花银喷绿色			\r\n 			\r\n尺寸：14.5X20CM高			\r\n1只/五层内盒      12只/大箱			\r\n毛坯1月30日送', 'PCS', '156', '3.00', '468.00', '★   产品与封样无明显差异，唛头、标签及包装质量务必符合公司要求。 \r\n ★★  产品生产前期、中期、后期抽验率不得少于10%，质量和封样一致， \r\n       并将验货照片传回公司。 \r\n★★★ 重点客人的质量标准检验，产品抽验率不得少于50%，务必做到入箱前检查。 \r\n 交期：2012年2月15日/工厂。       没有经过我司同意无故延期交货造成严重后果的，按照客人的相关要求处理。 \r\n 开票：出货后请将增值税发票、验货报告、合同复印件及出库单一并寄至我司，以便我司安排付款。', '4');
INSERT INTO `ext_cproduct_c` VALUES ('4028817a353b8d8e01353d39f06c005f', '4028817a353b8d8e01353d32350d005a', '4028817a33ecdbf70133ee202e49000b', '瑞成电镀厂', '5330', 'be775015-234a-4504-ad52-af6af53d2a9c.jpg', '全明料死模风灯，电镀花银喷紫色			\r\n			\r\n尺寸：14.5X20CM高			\r\n1只/五层内盒      12只/大箱			\r\n毛坯1月30日送', 'PCS', '156', '3.00', '468.00', '★   产品与封样无明显差异，唛头、标签及包装质量务必符合公司要求。 \r\n ★★  产品生产前期、中期、后期抽验率不得少于10%，质量和封样一致， \r\n       并将验货照片传回公司。 \r\n★★★ 重点客人的质量标准检验，产品抽验率不得少于50%，务必做到入箱前检查。 \r\n 交期：2012年2月15日/工厂。       没有经过我司同意无故延期交货造成严重后果的，按照客人的相关要求处理。 \r\n 开票：出货后请将增值税发票、验货报告、合同复印件及出库单一并寄至我司，以便我司安排付款。', '3');
INSERT INTO `ext_cproduct_c` VALUES ('4028817a353b8d8e01353d39f06c0060', '4028817a353b8d8e01353d32350d0055', '19', '综艺花纸', '5118', 'undefined', '白金字母花纸\r\nSWEETS\r\n安全包装送祁县光华厂', 'PCS', '100', '3.00', '300.00', '1.产品的颜色、造型、尺寸、重量务必同我司封样一致；\r\n2.工厂免费提供2% 余量，以防损耗，代用包装送至指定工厂；请在外包装上注明相对应的合同号及货号；\r\n3.交期:2012年2月5日。', '2');
INSERT INTO `ext_cproduct_c` VALUES ('4028817a353b8d8e01353d39f06c0061', '4028817a353b8d8e01353d32350d0057', '4028817a33ecdbf70133ee202e49000b', '瑞成电镀厂', '5337', '673a4e11-3706-4beb-b958-ee1d7c564b3b.jpg', '全明料死模风灯，电镀花银喷蓝色			\r\n 			\r\n尺寸：14.5X20CM高			\r\n1只/五层内盒      12只/大箱			\r\n毛坯1月30日送', 'PCS', '156', '3.00', '468.00', '★   产品与封样无明显差异，唛头、标签及包装质量务必符合公司要求。 \r\n ★★  产品生产前期、中期、后期抽验率不得少于10%，质量和封样一致， \r\n       并将验货照片传回公司。 \r\n★★★ 重点客人的质量标准检验，产品抽验率不得少于50%，务必做到入箱前检查。 \r\n 交期：2012年2月15日/工厂。       没有经过我司同意无故延期交货造成严重后果的，按照客人的相关要求处理。 \r\n 开票：出货后请将增值税发票、验货报告、合同复印件及出库单一并寄至我司，以便我司安排付款。', '5');

-- ----------------------------
-- Table structure for ext_eproduct_c
-- ----------------------------
DROP TABLE IF EXISTS `ext_eproduct_c`;
CREATE TABLE `ext_eproduct_c` (
  `EXT_EPRODUCT_ID` varchar(255) NOT NULL,
  `PRODUCT_NO` varchar(255) DEFAULT NULL,
  `PRODUCT_IMAGE` varchar(255) DEFAULT NULL,
  `PRODUCT_DESC` varchar(255) DEFAULT NULL,
  `CNUMBER` int(11) DEFAULT NULL,
  `PACKING_UNIT` varchar(255) DEFAULT NULL,
  `PRICE` double DEFAULT NULL,
  `AMOUNT` double DEFAULT NULL,
  `PRODUCT_REQUEST` varchar(255) DEFAULT NULL,
  `ORDER_NO` int(11) DEFAULT NULL,
  `EXPORT_PRODUCT_ID` varchar(255) DEFAULT NULL,
  `FACTORY_ID` varchar(255) DEFAULT NULL,
  PRIMARY KEY (`EXT_EPRODUCT_ID`),
  KEY `FKE42C172C2B534813` (`EXPORT_PRODUCT_ID`),
  KEY `FKE42C172C586B149C` (`FACTORY_ID`),
  CONSTRAINT `FKE42C172C2B534813` FOREIGN KEY (`EXPORT_PRODUCT_ID`) REFERENCES `export_product_c` (`EXPORT_PRODUCT_ID`),
  CONSTRAINT `FKE42C172C586B149C` FOREIGN KEY (`FACTORY_ID`) REFERENCES `factory_c` (`FACTORY_ID`)
) ENGINE=InnoDB DEFAULT CHARSET=utf8;

-- ----------------------------
-- Records of ext_eproduct_c
-- ----------------------------
INSERT INTO `ext_eproduct_c` VALUES ('4028b8814ff0565d014ff058b10b0002', '2965', 'undefined', '彩盒，新菲林\r\n配全明料糖缸带盖子\r\n彩盒尺寸：20X20X41CM', '144', 'PCS', '3.2', '460.8', '1.彩盒要求350克面纸；\r\n2.工厂待用安全包装，待我司运至工厂；\r\n3.工厂免费提供1%余量，以防划伤，破损；\r\n4.交期:2011年11月05日。', '2', '4028b8814ff0565d014ff058b10b0001', '16');
INSERT INTO `ext_eproduct_c` VALUES ('4028b8814ff0565d014ff058b10c0006', '2964', '', '彩盒，新菲林\r\n配全明料糖缸带盖子\r\n彩盒尺寸：22.5X22.5X48.5CM', '144', 'PCS', '4', '576', '1.彩盒要求350克面纸；\r\n2.工厂待用安全包装，待我司运至工厂；\r\n3.工厂免费提供1%余量，以防划伤，破损；\r\n4.交期:2011年11月05日。', '1', '4028b8814ff0565d014ff058b10c0005', '16');
INSERT INTO `ext_eproduct_c` VALUES ('4028b8814ff0565d014ff058b10c0008', '2976', 'undefined', '彩盒，新菲林\r\n配全明料糖缸带盖子\r\n彩盒尺寸：21.5X21.5X41CM', '144', 'PCS', '3.3', '475.2', '1.彩盒要求350克面纸；\r\n2.工厂待用安全包装，待我司运至工厂；\r\n3.工厂免费提供1%余量，以防划伤，破损；\r\n4.交期:2011年11月05日。', '3', '4028b8814ff0565d014ff058b10c0007', '16');
INSERT INTO `ext_eproduct_c` VALUES ('4028b8814ff0565d014ff058b10c0009', '2976', 'undefined', '彩盒，新菲林\r\n配明料糖缸带盖子\r\n彩盒尺寸：25.7X25.7X35.7CM', '144', 'PCS', '3.9', '561.6', '1.彩盒要求350克面纸；\r\n2.工厂待用安全包装，待我司运至工厂；\r\n3.工厂免费提供1%余量，以防划伤，破损；\r\n4.交期:2011年11月05日。', '4', '4028b8814ff0565d014ff058b10c0007', '16');
INSERT INTO `ext_eproduct_c` VALUES ('4028b8814ff068a8014ff069b96c0002', 'JK1014005', '94d2d773-24b6-412e-b0e3-0fc9dddf0955.png', '低温鱼花纸\r\n明料低口杯\r\n祁县宏艺厂', '1800', 'PCS', '1.2', '2160', '1.产品的颜色、造型、尺寸、务必同提供的样品一致；\r\n2.工厂免费提供2% 余量，以防损耗，代用包装送至指定工厂；请在外包装上注明相对应的合同号及货号；\r\n3.交期:2011年12月10；', '4', '4028b8814ff068a8014ff069b96c0001', '19');
INSERT INTO `ext_eproduct_c` VALUES ('4028b8814ff068a8014ff069b96c0004', 'JK1080766-3', '29bb909d-d527-475d-bfbe-e5e05a02349c.png', '套3白花纸\r\n\r\n送祁县宏艺厂', '600', 'SETS', '0.6', '360', '1.产品的颜色、造型、尺寸、务必同提供的样品一致；\r\n2.工厂免费提供2% 余量，以防损耗，代用包装送至指定工厂；请在外包装上注明相对应的合同号及货号；\r\n3.交期:2011年12月10；', '1', '4028b8814ff068a8014ff069b96c0003', '19');
INSERT INTO `ext_eproduct_c` VALUES ('4028b8814ff068a8014ff069b96d0006', 'JK1014003', '73980c53-44f6-4232-8c04-9d08a66eeccb.png', '低温鱼花纸\r\n明料盘子\r\n\r\n送祁县天顺厂', '1200', 'PCS', '3.8', '4560', '1.产品的颜色、造型、尺寸、务必同提供的样品一致；\r\n2.工厂免费提供2% 余量，以防损耗，代用包装送至指定工厂；请在外包装上注明相对应的合同号及货号；\r\n3.交期:2011年12月10；', '3', '4028b8814ff068a8014ff069b96d0005', '19');
INSERT INTO `ext_eproduct_c` VALUES ('4028b8814ff068a8014ff069b96d0008', 'JK1014001', '7a3d341f-f473-44ce-9bd4-c7f2b87343ca.png', '低温鱼花纸\r\n明料大碗\r\n送祁县宏艺厂', '1000', 'PCS', '2.4', '2400', '1.产品的颜色、造型、尺寸、务必同提供的样品一致；\r\n2.工厂免费提供2% 余量，以防损耗，代用包装送至指定工厂；请在外包装上注明相对应的合同号及货号；\r\n3.交期:2011年12月10；', '2', '4028b8814ff068a8014ff069b96d0007', '19');
INSERT INTO `ext_eproduct_c` VALUES ('4028b8814ff068a8014ff069b96d000a', 'JK1014006', '7be85008-7652-4995-aaca-3ade8405eca9.png', '套6彩色花纸\r\n明料低口杯\r\n祁县宏艺厂', '300', 'SETS', '9', '2700', '1.产品的颜色、造型、尺寸、务必同提供的样品一致；\r\n2.工厂免费提供2% 余量，以防损耗，代用包装送至指定工厂；请在外包装上注明相对应的合同号及货号；\r\n3.交期:2011年12月10；', '5', '4028b8814ff068a8014ff069b96d0009', '19');

-- ----------------------------
-- Table structure for factory_c
-- ----------------------------
DROP TABLE IF EXISTS `factory_c`;
CREATE TABLE `factory_c` (
  `FACTORY_ID` varchar(40) NOT NULL,
  `CTYPE` varchar(10) DEFAULT NULL COMMENT '货物/附件',
  `FULL_NAME` varchar(200) DEFAULT NULL,
  `FACTORY_NAME` varchar(50) DEFAULT NULL,
  `CONTACTS` varchar(30) DEFAULT NULL,
  `PHONE` varchar(20) DEFAULT NULL,
  `MOBILE` varchar(20) DEFAULT NULL,
  `FAX` varchar(20) DEFAULT NULL,
  `ADDRESS` varchar(200) DEFAULT NULL,
  `INSPECTOR` varchar(30) DEFAULT NULL,
  `REMARK` varchar(2000) DEFAULT NULL,
  `ORDER_NO` int(11) DEFAULT NULL,
  `STATE` char(1) DEFAULT NULL COMMENT '1正常0停用',
  `CREATE_BY` varchar(40) DEFAULT NULL,
  `CREATE_DEPT` varchar(40) DEFAULT NULL,
  `CREATE_TIME` timestamp NOT NULL DEFAULT CURRENT_TIMESTAMP ON UPDATE CURRENT_TIMESTAMP,
  `UPDATE_BY` varchar(40) DEFAULT NULL,
  `UPDATE_TIME` timestamp NOT NULL DEFAULT '0000-00-00 00:00:00',
  PRIMARY KEY (`FACTORY_ID`)
) ENGINE=InnoDB DEFAULT CHARSET=utf8;

-- ----------------------------
-- Records of factory_c
-- ----------------------------
INSERT INTO `factory_c` VALUES ('1', '货物', '祁县海洋厂', '升华', '刘生', '0354-5299987', '', '', null, '吕波', null, null, '1', null, null, '2015-01-10 19:34:53', null, '2015-01-10 19:32:46');
INSERT INTO `factory_c` VALUES ('10', '货物', '祁县晶晨厂', '晶晨', '续贵', '0354-5271999', '', '', null, '吕波', null, null, '1', null, null, '2015-01-10 19:34:53', null, '2015-01-10 19:32:46');
INSERT INTO `factory_c` VALUES ('12', '货物', '平遥远江厂', '平遥远江', '宏远', null, '13935499967', null, null, null, null, null, '1', null, null, '2015-01-10 19:34:53', null, '2015-01-10 19:32:46');
INSERT INTO `factory_c` VALUES ('13', '货物', '平遥鸿艺厂', '平遥鸿艺', '雄飞', '0354-5940888', '', '', null, '吕波', null, null, '1', null, null, '2015-01-10 19:34:53', null, '2015-01-10 19:32:46');
INSERT INTO `factory_c` VALUES ('15', '货物', '南皮开发玻璃制品厂', '南皮开发', '舒东', '0317-8863999', null, null, null, null, null, null, '1', null, null, '2015-01-10 19:34:53', null, '2015-01-10 19:32:46');
INSERT INTO `factory_c` VALUES ('16', '货物', '陕西康达彩印厂', '康达', '袁喜', '029-84528015', null, null, null, null, null, null, '1', null, null, '2015-01-10 19:34:53', null, '2015-01-10 19:32:46');
INSERT INTO `factory_c` VALUES ('17', '货物', '陕西众鑫印务包装有限公司', '众鑫', '赵毅', '029-84341858', null, null, null, null, null, null, '1', null, null, '2015-01-10 19:34:53', null, '2015-01-10 19:32:46');
INSERT INTO `factory_c` VALUES ('18', '货物', '翰林彩印厂', '翰林', '孙财', '029-88917456', null, null, null, null, null, null, '1', null, null, '2015-01-10 19:34:53', null, '2015-01-10 19:32:46');
INSERT INTO `factory_c` VALUES ('19', '货物', '祁县综艺玻璃花纸厂', '综艺花纸', '王棕', '0354-5278918', '', '', null, '', null, null, '1', null, null, '2015-01-10 19:34:53', null, '2015-01-10 19:32:46');
INSERT INTO `factory_c` VALUES ('2', '货物', '祁县光华厂', '光华', '薛成', '0354-5298981', '', '', null, '吕波', null, null, '1', null, null, '2015-01-10 19:34:53', null, '2015-01-10 19:32:46');
INSERT INTO `factory_c` VALUES ('20', '货物', '祁县喜福来玻璃加工厂', '喜福来', '王卫', '0354-5328850', '', '', null, '', null, null, '1', null, null, '2015-01-10 19:34:53', null, '2015-01-10 19:32:46');
INSERT INTO `factory_c` VALUES ('21', '货物', '祁县美晶泡沫厂', '美晶', '范长', '0354-5071387', '', '', null, '', null, null, '1', null, null, '2015-01-10 19:34:53', null, '2015-01-10 19:32:46');
INSERT INTO `factory_c` VALUES ('22', '货物', '祁县瑞成玻璃镀膜厂', '瑞成', '温明', '', '13834809374', '', null, '', null, null, '1', null, null, '2015-01-10 19:34:53', null, '2015-01-10 19:32:46');
INSERT INTO `factory_c` VALUES ('3', '货物', '祁县会龙厂', '会龙', '李伟', '0354-5248696', '', '', null, '李光', null, null, '1', null, null, '2015-01-10 19:34:53', null, '2015-01-10 19:32:46');
INSERT INTO `factory_c` VALUES ('4', '货物', '祁县精艺厂', '精艺', '闫强', '0354-5047289', '', '', null, '高琴', null, null, '1', null, null, '2015-01-10 19:34:53', null, '2015-01-10 19:32:46');
INSERT INTO `factory_c` VALUES ('4028817a33d4f8b40133d9989f5e0024', '附件', '闻喜民鑫厂', '民鑫', '李民', '0359-7472727', '', '', null, '吕波', null, null, '1', null, null, '2015-01-10 19:35:06', null, '2015-01-10 19:32:46');
INSERT INTO `factory_c` VALUES ('4028817a33de41d80133e982a18a001c', '附件', '太谷四通PVC厂', '太谷PVC', '张海', '0354-6226591', '', '', null, '', null, null, '1', null, null, '2015-01-10 19:35:06', null, '2015-01-10 19:32:46');
INSERT INTO `factory_c` VALUES ('4028817a33ecdbf70133ee202e49000b', '附件', '祁县瑞成电镀厂', '瑞成电镀厂', '温民', '13835926900', '', '', null, '', null, null, '1', null, null, '2015-01-10 19:35:06', null, '2015-01-10 19:32:46');
INSERT INTO `factory_c` VALUES ('4028817a34f93be50134f9df84470001', '附件', '神舟玻璃制品有限公司', '神舟厂', '申定', '0356-3961959', '13935672348', '0356-3991304', null, '李光', null, null, '1', null, null, '2015-01-10 19:35:06', null, '2015-01-10 19:32:46');
INSERT INTO `factory_c` VALUES ('4028817a353b8d8e0135415bf0a90070', '附件', '陕西宇津进出口有限公司', '宇津水龙头厂', '任宁', '029-62990818', '', '', null, '', null, null, '1', null, null, '2015-01-10 19:35:06', null, '2015-01-10 19:32:46');
INSERT INTO `factory_c` VALUES ('4028817a35e0895e0135ec7a4dbe0087', '附件', '西安方圆工贸有限公司', '西安方圆工贸', '许涛', '029-86539568', '', '029-86590565', null, '', null, null, '1', null, null, '2015-01-10 19:35:06', null, '2015-01-10 19:32:46');
INSERT INTO `factory_c` VALUES ('4028817a3632e86601363344d16d0001', '附件', '淄博雷波陶瓷花纸厂', '淄博花纸厂', '吴璇', '0533-5176946', '', '', null, '', null, null, '1', null, null, '2015-01-10 19:35:06', null, '2015-01-10 19:32:46');
INSERT INTO `factory_c` VALUES ('4028817a371a8d7f01372a74451f0068', '附件', '山西大德成工贸有限公司', '铁架厂', '高辉', '0354-5288919', '', '', null, '李光', null, null, '1', null, null, '2015-01-10 19:35:06', null, '2015-01-10 19:32:46');
INSERT INTO `factory_c` VALUES ('4028817a37583d45013758d152450038', '附件', '祁县顺驰厂', '顺驰', '王明', '0354-5109398', '', '', null, '李光', null, null, '1', null, null, '2015-01-10 19:35:06', null, '2015-01-10 19:32:46');
INSERT INTO `factory_c` VALUES ('4028817a38024a04013803e3a8a2004b', '附件', '祁县欣欣泡沫有限公司', '祁县欣欣泡沫厂', '许杰', '0354-3939793', '', '', null, '', null, null, '1', null, null, '2015-01-10 19:35:06', null, '2015-01-10 19:32:46');
INSERT INTO `factory_c` VALUES ('4028817a382b4fd401382b9aad2a0008', '附件', '祁县仲玉玻璃厂', '仲玉', '吕军', '0354-5018888', '', '', null, '李光', null, null, '1', null, null, '2015-01-10 19:35:06', null, '2015-01-10 19:32:46');
INSERT INTO `factory_c` VALUES ('4028817a38736298013874c51a800036', '附件', '汇融玻璃有限公司', '展鹏厂', '厂长', '0354-5326986', '13834893800', '0354-5826197', null, '李光', null, null, '1', null, null, '2015-01-10 19:35:06', null, '2015-01-10 19:32:46');
INSERT INTO `factory_c` VALUES ('4028817a389cc7b701389d1efd940001', '附件', '宇虹包装彩印厂', '宇虹包装厂', '翟帅', '0358-3099923', '19033470988', '0358-3098183', null, '', null, null, '1', null, null, '2015-01-10 19:35:06', null, '2015-01-10 19:32:46');
INSERT INTO `factory_c` VALUES ('4028817a39b2b37f0139b46268c40025', '附件', '祁县馨艺玻璃厂', '馨艺', '袁长', '0354-5041938', '', '', null, '李光', null, null, '1', null, null, '2015-01-10 19:35:06', null, '2015-01-10 19:32:46');
INSERT INTO `factory_c` VALUES ('4028817a3aa9f950013ab0b6c98d0050', '附件', '祁县一先厂', '一先厂', '李刚', '0654-9018444', '', '', null, '李光', null, null, '1', null, null, '2015-01-10 19:35:06', null, '2015-01-10 19:32:46');
INSERT INTO `factory_c` VALUES ('4028817a3aa9f950013ab97f64110053', '附件', '温县致远玻璃制品有限公司', '温县致远厂', '红升', '18936896666', '', '', null, '', null, null, '1', null, null, '2015-01-10 19:35:06', null, '2015-01-10 19:32:46');
INSERT INTO `factory_c` VALUES ('4028817a3abe8f15013ac019a61f0031', '附件', '祁县喜福来电镀厂', '喜福来电镀厂', '王卫', '0154-5282888', '', '', null, '李光', null, null, '1', null, null, '2015-01-10 19:35:06', null, '2015-01-10 19:32:46');
INSERT INTO `factory_c` VALUES ('4028817a3ae2ac42013ae3550357000d', '附件', '临潼华清蜡厂', '临潼华清蜡厂', '吴波', '13791903888', '', '', null, '', null, null, '0', null, null, '2015-01-10 19:35:06', null, '2015-01-10 19:32:46');
INSERT INTO `factory_c` VALUES ('5', '货物', '祁县汇越厂', '汇越', '建忠', '0354-5019656', '', '', null, '吕波', null, null, '1', null, null, '2015-01-10 19:34:53', null, '2015-01-10 19:32:46');
INSERT INTO `factory_c` VALUES ('6', '货物', '祁县泰宇厂', '泰宇', '立东', '0354-5299160', null, null, null, null, null, null, '1', null, null, '2015-01-10 19:34:53', null, '2015-01-10 19:32:46');
INSERT INTO `factory_c` VALUES ('7', '货物', '祁县天顺厂', '天顺', '渠海', '0354-5299499', '', '', null, '李光', null, null, '1', null, null, '2015-01-10 19:34:53', null, '2015-01-10 19:32:46');
INSERT INTO `factory_c` VALUES ('8', '货物', '祁县天诚厂', '天诚', '庞正', '0354-5299539', null, null, null, null, null, null, '1', null, null, '2015-01-10 19:34:53', null, '2015-01-10 19:32:46');
INSERT INTO `factory_c` VALUES ('9', '货物', '祁县华艺厂', '华艺', '史国', '0354-5041927', '', '', null, '高琴', null, null, '1', null, null, '2015-01-10 19:34:53', null, '2015-01-10 19:32:46');
INSERT INTO `factory_c` VALUES ('ff808081301885760130189e47ca0013', '附件', '文水志远厂', '文水志远', '志远', '0358-3934083', '', '', null, '李光', null, null, '1', null, null, '2015-01-10 19:35:06', null, '2015-01-10 19:32:46');

-- ----------------------------
-- Table structure for finance_c
-- ----------------------------
DROP TABLE IF EXISTS `finance_c`;
CREATE TABLE `finance_c` (
  `FINANCE_ID` varchar(40) NOT NULL,
  `INPUT_DATE` datetime DEFAULT NULL,
  `INPUT_BY` varchar(30) DEFAULT NULL,
  `STATE` int(11) DEFAULT NULL COMMENT '0草稿 1已上报',
  `CREATE_BY` varchar(40) DEFAULT NULL,
  `CREATE_DEPT` varchar(40) DEFAULT NULL,
  `CREATE_TIME` datetime DEFAULT NULL,
  PRIMARY KEY (`FINANCE_ID`),
  CONSTRAINT `FK_Reference_21` FOREIGN KEY (`FINANCE_ID`) REFERENCES `packing_list_c` (`PACKING_LIST_ID`)
) ENGINE=InnoDB DEFAULT CHARSET=utf8 COMMENT='和装箱单一对一';

-- ----------------------------
-- Records of finance_c
-- ----------------------------
INSERT INTO `finance_c` VALUES ('67867c6e-6579-4129-a1b0-3314c4f7a883', '2015-09-22 00:00:00', 'a', '0', '634aaacd-0940-46d1-9bda-083aadf9699d', '4028b8814fb1fef0014fb1fef2570000', '2015-09-22 23:10:01');

-- ----------------------------
-- Table structure for invoice_c
-- ----------------------------
DROP TABLE IF EXISTS `invoice_c`;
CREATE TABLE `invoice_c` (
  `INVOICE_ID` varchar(40) NOT NULL COMMENT 'PACKING_LIST_ID值',
  `SC_NO` varchar(100) DEFAULT NULL COMMENT 'packing.getExportNos S/C就是报运的合同号',
  `BL_NO` varchar(100) DEFAULT NULL,
  `TRADE_TERMS` varchar(100) DEFAULT NULL,
  `STATE` int(11) DEFAULT NULL COMMENT '0草稿 1已上报',
  `CREATE_BY` varchar(40) DEFAULT NULL,
  `CREATE_DEPT` varchar(40) DEFAULT NULL,
  `CREATE_TIME` datetime DEFAULT NULL,
  PRIMARY KEY (`INVOICE_ID`),
  CONSTRAINT `FK_Reference_11` FOREIGN KEY (`INVOICE_ID`) REFERENCES `packing_list_c` (`PACKING_LIST_ID`)
) ENGINE=InnoDB DEFAULT CHARSET=utf8 COMMENT='和装箱单一对一';

-- ----------------------------
-- Records of invoice_c
-- ----------------------------
INSERT INTO `invoice_c` VALUES ('67867c6e-6579-4129-a1b0-3314c4f7a883', null, '1111', '1111', '0', null, null, null);

-- ----------------------------
-- Table structure for module_p
-- ----------------------------
DROP TABLE IF EXISTS `module_p`;
CREATE TABLE `module_p` (
  `MODULE_ID` varchar(40) NOT NULL,
  `PARENT_ID` varchar(40) DEFAULT NULL,
  `PARENT_NAME` varchar(100) DEFAULT NULL,
  `NAME` varchar(100) DEFAULT NULL,
  `LAYER_NUM` int(11) DEFAULT NULL,
  `IS_LEAF` int(11) DEFAULT NULL,
  `ICO` varchar(20) DEFAULT NULL,
  `CPERMISSION` varchar(20) DEFAULT NULL,
  `CURL` varchar(200) DEFAULT NULL,
  `CTYPE` int(11) DEFAULT NULL COMMENT '1主菜单/2左侧菜单/3按钮/4链接/5状态',
  `STATE` int(11) DEFAULT NULL COMMENT '1启用0停用',
  `BELONG` varchar(100) DEFAULT NULL COMMENT '按钮时，可以标识其归属，\n            查询某页面按钮时就用此属性查询',
  `CWHICH` varchar(20) DEFAULT NULL,
  `QUOTE_NUM` int(11) DEFAULT NULL,
  `REMARK` varchar(100) DEFAULT NULL,
  `ORDER_NO` int(11) DEFAULT NULL,
  `CREATE_BY` varchar(40) DEFAULT NULL,
  `CREATE_DEPT` varchar(40) DEFAULT NULL,
  `CREATE_TIME` timestamp NOT NULL DEFAULT CURRENT_TIMESTAMP ON UPDATE CURRENT_TIMESTAMP,
  `UPDATE_BY` varchar(40) DEFAULT NULL,
  `UPDATE_TIME` timestamp NOT NULL DEFAULT '0000-00-00 00:00:00',
  PRIMARY KEY (`MODULE_ID`)
) ENGINE=InnoDB DEFAULT CHARSET=utf8;

-- ----------------------------
-- Records of module_p
-- ----------------------------
INSERT INTO `module_p` VALUES ('1', null, null, '系统首页', '1', '0', null, '系统首页', 'home', '0', '1', null, null, null, 'home', '1', null, null, '2015-07-21 23:39:13', null, '2012-12-12 00:00:00');
INSERT INTO `module_p` VALUES ('101', '1', '系统首页', '我的留言板', '2', '0', null, '我的留言板', null, '1', '1', null, null, null, 'home', '6', null, null, '2015-07-22 00:14:13', null, '2012-12-12 00:00:00');
INSERT INTO `module_p` VALUES ('102', '1', '系统首页', '我的代办任务', '2', '0', null, '我的代办任务', null, '1', '1', null, null, null, 'home', '7', null, null, '2015-07-22 00:14:14', null, '2012-12-12 00:00:00');
INSERT INTO `module_p` VALUES ('103', '1', '系统首页', '请假单管理', '2', '0', null, '请假单管理', null, '1', '1', null, null, null, 'home', '8', null, null, '2015-07-22 00:14:16', null, '2012-12-12 00:00:00');
INSERT INTO `module_p` VALUES ('2', null, null, '货运管理', '1', '0', null, '货运管理', 'cargo', '0', '1', null, null, null, 'cargo', '2', null, null, '2015-07-21 23:39:20', null, '2012-12-12 00:00:00');
INSERT INTO `module_p` VALUES ('201', '2', '货运管理', '购销合同', '2', '0', null, '购销合同', 'cargo/contractAction_list', '1', '1', null, null, null, 'cargo', '9', null, null, '2015-07-25 10:00:33', null, '2012-12-12 00:00:00');
INSERT INTO `module_p` VALUES ('202', '2', '货运管理', '出货表', '2', '0', null, '出货表', 'cargo/outProductAction_toedit', '1', '1', null, null, null, 'cargo', '10', null, null, '2015-07-25 10:00:43', null, '2012-12-12 00:00:00');
INSERT INTO `module_p` VALUES ('203', '2', '货运管理', '合同管理', '2', '0', null, '合同管理', 'cargo/export/exportAction_contractList', '1', '1', null, null, null, 'cargo', '11', null, null, '2015-07-25 10:00:54', null, '2012-12-12 00:00:00');
INSERT INTO `module_p` VALUES ('204', '2', '货运管理', '出口报运', '2', '0', null, '出口报运', 'cargo/export/exportAction_list.action', '1', '1', null, null, null, 'cargo', '12', null, null, '2015-07-25 10:00:57', null, '2012-12-12 00:00:00');
INSERT INTO `module_p` VALUES ('205', '2', '货运管理', '装箱管理', '2', '0', null, '装箱管理', 'cargo/export/packingListAction_list', '1', '1', null, null, null, 'cargo', '22', null, null, '2015-07-30 16:18:45', null, '2015-07-30 16:13:54');
INSERT INTO `module_p` VALUES ('206', '2', '货运管理', '委托管理', '2', '0', null, '委托管理', 'cargo/export/shippingOrderAction_list', '1', '1', null, null, null, 'cargo', '23', null, null, '2015-07-30 16:13:54', null, '2015-07-30 16:13:54');
INSERT INTO `module_p` VALUES ('207', '2', '货运管理', '发票管理', '2', '0', null, '发票管理', 'cargo/export/invoiceAction_list', '1', '1', null, null, null, 'cargo', '24', null, null, '2015-07-30 16:13:54', null, '2015-07-30 16:13:54');
INSERT INTO `module_p` VALUES ('208', '2', '货运管理', '财务管理', '2', '0', null, '财务管理', 'cargo/export/financeAction_list', '1', '1', null, null, null, 'cargo', '25', null, null, '2015-07-30 16:13:54', null, '2015-07-30 16:13:54');
INSERT INTO `module_p` VALUES ('3', null, null, '统计分析', '1', '0', null, '统计分析', 'stat', '0', '1', null, null, null, 'stat', '3', null, null, '2015-07-21 23:39:25', null, '2012-11-11 00:00:00');
INSERT INTO `module_p` VALUES ('301', '3', '统计分析', '生产厂家销售情况', '2', '0', null, '生产厂家销售情况', null, '1', '1', null, null, null, 'stat', '13', null, null, '2015-07-22 00:13:58', null, '2012-11-11 00:00:00');
INSERT INTO `module_p` VALUES ('302', '3', '统计分析', '产品销售排行', '2', '0', null, '产品销售排行', null, '1', '1', null, null, null, 'stat', '14', null, null, '2015-07-22 00:13:59', null, '2012-12-12 00:00:00');
INSERT INTO `module_p` VALUES ('303', '3', '统计分析', '系统访问压力图', '2', '0', null, '系统访问压力图', null, '1', '1', null, null, null, 'stat', '15', null, null, '2015-07-22 00:13:59', null, '2012-12-12 00:00:00');
INSERT INTO `module_p` VALUES ('4', null, null, '基础信息', '1', '0', null, '基础信息', 'baseinfo', '0', '1', null, null, null, 'baseinfo', '4', null, null, '2015-07-21 23:39:30', null, '2012-12-12 00:00:00');
INSERT INTO `module_p` VALUES ('401', '4', '基础信息', '系统代码', '2', '0', null, '系统代码', null, '1', '1', null, null, null, 'baseinfo', '16', null, null, '2015-07-22 00:13:53', null, '2012-12-12 00:00:00');
INSERT INTO `module_p` VALUES ('402', '4', '基础信息', '厂家信息', '2', '0', null, '厂家信息', null, '1', '1', null, null, null, 'baseinfo', '17', null, null, '2015-07-22 00:13:55', null, '2012-12-12 00:00:00');
INSERT INTO `module_p` VALUES ('5', null, null, '系统管理', '1', '0', null, '系统管理', 'sysadmin', '0', '1', null, null, null, 'sysadmin', '5', null, null, '2015-07-21 23:39:37', null, '2012-12-12 00:00:00');
INSERT INTO `module_p` VALUES ('501', '5', '系统管理', '部门管理', '2', '0', null, '部门管理', 'sysadmin/deptAction_list', '1', '1', null, null, null, 'sysadmin', '18', null, null, '2015-07-22 00:13:45', null, '2012-12-12 00:00:00');
INSERT INTO `module_p` VALUES ('502', '5', '系统管理', '用户管理', '2', '0', null, '用户管理', 'sysadmin/userAction_list', '1', '1', null, null, null, 'sysadmin', '19', null, null, '2015-07-22 00:13:46', null, '2012-12-12 00:00:00');
INSERT INTO `module_p` VALUES ('503', '5', '系统管理', '角色管理', '2', '0', null, '角色管理', 'sysadmin/roleAction_list', '1', '1', null, null, null, 'sysadmin', '20', null, null, '2015-07-22 00:13:47', null, '2012-12-12 00:00:00');
INSERT INTO `module_p` VALUES ('504', '5', '系统管理', '模块管理', '2', '0', null, '模块管理', 'sysadmin/moduleAction_list', '1', '1', null, null, null, 'sysadmin', '21', null, null, '2015-07-22 00:13:50', null, '2012-12-12 00:00:00');
INSERT INTO `module_p` VALUES ('6', null, null, '流程管理', '1', '0', null, '流程管理', 'activiti', '0', '1', null, null, null, 'activiti', '60', null, null, '2015-08-01 23:41:55', null, '2015-08-01 23:41:55');
INSERT INTO `module_p` VALUES ('601', '6', '流程管理', '部署流程', '2', '0', null, '部署流程', 'flow/flowAction_deploy.action', '1', '1', null, null, null, 'activiti', '61', null, null, '2015-08-01 23:48:16', null, '2015-08-01 23:48:16');
INSERT INTO `module_p` VALUES ('602', '6', '流程管理', '查询流程', '2', '0', null, '查询流程', 'flow/flowAction_queryProcessDefinition.action', '1', '1', null, null, null, 'activiti', '62', null, null, '2015-08-01 23:48:25', null, '2015-08-01 23:48:25');

-- ----------------------------
-- Table structure for packing_list_c
-- ----------------------------
DROP TABLE IF EXISTS `packing_list_c`;
CREATE TABLE `packing_list_c` (
  `PACKING_LIST_ID` varchar(40) NOT NULL,
  `SELLER` varchar(200) DEFAULT NULL,
  `BUYER` varchar(200) DEFAULT NULL,
  `INVOICE_NO` varchar(30) DEFAULT NULL COMMENT '选择',
  `INVOICE_DATE` datetime DEFAULT NULL,
  `MARKS` varchar(200) DEFAULT NULL,
  `DESCRIPTIONS` varchar(200) DEFAULT NULL,
  `EXPORT_IDS` varchar(200) DEFAULT NULL COMMENT '报运ID集合',
  `EXPORT_NOS` varchar(200) DEFAULT NULL COMMENT '报运NO集合x,y|z,h',
  `STATE` int(11) DEFAULT NULL COMMENT '0草稿 1已上报',
  `CREATE_BY` varchar(40) DEFAULT NULL,
  `CREATE_DEPT` varchar(40) DEFAULT NULL,
  `CREATE_TIME` datetime DEFAULT NULL,
  PRIMARY KEY (`PACKING_LIST_ID`)
) ENGINE=InnoDB DEFAULT CHARSET=utf8 COMMENT='选择多个报运建立一个装箱';

-- ----------------------------
-- Records of packing_list_c
-- ----------------------------
INSERT INTO `packing_list_c` VALUES ('67867c6e-6579-4129-a1b0-3314c4f7a883', '1', '1', '1', '2015-09-22 00:00:00', '1', '1', '4028b8814ff0565d014ff058b1000000,4028b8814ff068a8014ff069b9680000', '1A 2', '4', '634aaacd-0940-46d1-9bda-083aadf9699d', '4028b8814fb1fef0014fb1fef2570000', '2015-09-22 19:54:01');

-- ----------------------------
-- Table structure for role_module_p
-- ----------------------------
DROP TABLE IF EXISTS `role_module_p`;
CREATE TABLE `role_module_p` (
  `ROLE_ID` varchar(255) NOT NULL,
  `MODULE_ID` varchar(255) NOT NULL,
  PRIMARY KEY (`MODULE_ID`,`ROLE_ID`),
  KEY `FKE18198E62C0E8218` (`ROLE_ID`),
  KEY `FKE18198E6E965A6D8` (`MODULE_ID`),
  CONSTRAINT `FKE18198E62C0E8218` FOREIGN KEY (`ROLE_ID`) REFERENCES `role_p` (`ROLE_ID`),
  CONSTRAINT `FKE18198E6E965A6D8` FOREIGN KEY (`MODULE_ID`) REFERENCES `module_p` (`MODULE_ID`)
) ENGINE=InnoDB DEFAULT CHARSET=utf8;

-- ----------------------------
-- Records of role_module_p
-- ----------------------------
INSERT INTO `role_module_p` VALUES ('402882a74fc979e0014fcb6019830000', '1');
INSERT INTO `role_module_p` VALUES ('402882a74fc979e0014fcb6019830000', '101');
INSERT INTO `role_module_p` VALUES ('402882a74fc979e0014fcb6019830000', '102');
INSERT INTO `role_module_p` VALUES ('402882a74fc979e0014fcb6019830000', '103');
INSERT INTO `role_module_p` VALUES ('402882a74fc979e0014fcb6019830000', '2');
INSERT INTO `role_module_p` VALUES ('402882a74fc979e0014fcb6019830000', '201');
INSERT INTO `role_module_p` VALUES ('402882a74fc979e0014fcb6019830000', '202');
INSERT INTO `role_module_p` VALUES ('402882a74fc979e0014fcb6019830000', '203');
INSERT INTO `role_module_p` VALUES ('402882a74fc979e0014fcb6019830000', '204');
INSERT INTO `role_module_p` VALUES ('402882a74fc979e0014fcb6019830000', '205');
INSERT INTO `role_module_p` VALUES ('402882a74fc979e0014fcb6019830000', '206');
INSERT INTO `role_module_p` VALUES ('402882a74fc979e0014fcb6019830000', '207');
INSERT INTO `role_module_p` VALUES ('402882a74fc979e0014fcb6019830000', '208');
INSERT INTO `role_module_p` VALUES ('402882a74fc979e0014fcb6019830000', '3');
INSERT INTO `role_module_p` VALUES ('402882a74fc979e0014fcb6019830000', '301');
INSERT INTO `role_module_p` VALUES ('402882a74fc979e0014fcb6019830000', '302');
INSERT INTO `role_module_p` VALUES ('402882a74fc979e0014fcb6019830000', '303');
INSERT INTO `role_module_p` VALUES ('402882a74fc979e0014fcb6019830000', '4');
INSERT INTO `role_module_p` VALUES ('402882a74fc979e0014fcb6019830000', '401');
INSERT INTO `role_module_p` VALUES ('402882a74fc979e0014fcb6019830000', '402');
INSERT INTO `role_module_p` VALUES ('402882a74fc979e0014fcb6019830000', '5');
INSERT INTO `role_module_p` VALUES ('402882a74fc979e0014fcb6019830000', '501');
INSERT INTO `role_module_p` VALUES ('402882a74fc979e0014fcb6019830000', '503');
INSERT INTO `role_module_p` VALUES ('402882a74fc979e0014fcb6019830000', '6');
INSERT INTO `role_module_p` VALUES ('402882a74fc979e0014fcb6019830000', '601');
INSERT INTO `role_module_p` VALUES ('402882a74fc979e0014fcb6019830000', '602');
INSERT INTO `role_module_p` VALUES ('4028b8814fc0fcfc014fc107e8220000', '1');
INSERT INTO `role_module_p` VALUES ('4028b8814fc0fcfc014fc107e8220000', '101');
INSERT INTO `role_module_p` VALUES ('4028b8814fc0fcfc014fc107e8220000', '102');
INSERT INTO `role_module_p` VALUES ('4028b8814fc0fcfc014fc107e8220000', '103');
INSERT INTO `role_module_p` VALUES ('4028b8814fc0fcfc014fc107e8220000', '2');
INSERT INTO `role_module_p` VALUES ('4028b8814fc0fcfc014fc107e8220000', '201');
INSERT INTO `role_module_p` VALUES ('4028b8814fc0fcfc014fc107e8220000', '202');
INSERT INTO `role_module_p` VALUES ('4028b8814fc0fcfc014fc107e8220000', '203');
INSERT INTO `role_module_p` VALUES ('4028b8814fc0fcfc014fc107e8220000', '204');
INSERT INTO `role_module_p` VALUES ('4028b8814fc0fcfc014fc107e8220000', '205');
INSERT INTO `role_module_p` VALUES ('4028b8814fc0fcfc014fc107e8220000', '206');
INSERT INTO `role_module_p` VALUES ('4028b8814fc0fcfc014fc107e8220000', '207');
INSERT INTO `role_module_p` VALUES ('4028b8814fc0fcfc014fc107e8220000', '208');
INSERT INTO `role_module_p` VALUES ('4028b8814fc0fcfc014fc107e8220000', '3');
INSERT INTO `role_module_p` VALUES ('4028b8814fc0fcfc014fc107e8220000', '301');
INSERT INTO `role_module_p` VALUES ('4028b8814fc0fcfc014fc107e8220000', '302');
INSERT INTO `role_module_p` VALUES ('4028b8814fc0fcfc014fc107e8220000', '303');
INSERT INTO `role_module_p` VALUES ('4028b8814fc0fcfc014fc107e8220000', '4');
INSERT INTO `role_module_p` VALUES ('4028b8814fc0fcfc014fc107e8220000', '401');
INSERT INTO `role_module_p` VALUES ('4028b8814fc0fcfc014fc107e8220000', '402');
INSERT INTO `role_module_p` VALUES ('4028b8814fc0fcfc014fc107e8220000', '5');
INSERT INTO `role_module_p` VALUES ('4028b8814fc0fcfc014fc107e8220000', '502');
INSERT INTO `role_module_p` VALUES ('4028b8814fc0fcfc014fc107e8220000', '504');
INSERT INTO `role_module_p` VALUES ('4028b8814fc0fcfc014fc107e8220000', '6');
INSERT INTO `role_module_p` VALUES ('4028b8814fc0fcfc014fc107e8220000', '601');
INSERT INTO `role_module_p` VALUES ('4028b8814fc0fcfc014fc107e8220000', '602');

-- ----------------------------
-- Table structure for role_p
-- ----------------------------
DROP TABLE IF EXISTS `role_p`;
CREATE TABLE `role_p` (
  `ROLE_ID` varchar(40) NOT NULL,
  `NAME` varchar(30) DEFAULT NULL,
  `REMARK` varchar(200) DEFAULT NULL,
  `ORDER_NO` int(11) DEFAULT NULL,
  `CREATE_BY` varchar(40) DEFAULT NULL,
  `CREATE_DEPT` varchar(40) DEFAULT NULL,
  `CREATE_TIME` timestamp NOT NULL DEFAULT CURRENT_TIMESTAMP ON UPDATE CURRENT_TIMESTAMP,
  `UPDATE_BY` varchar(40) DEFAULT NULL,
  `UPDATE_TIME` timestamp NOT NULL DEFAULT '0000-00-00 00:00:00',
  PRIMARY KEY (`ROLE_ID`)
) ENGINE=InnoDB DEFAULT CHARSET=utf8;

-- ----------------------------
-- Records of role_p
-- ----------------------------
INSERT INTO `role_p` VALUES ('15a34c4b5eab42f6886d2496bd4cd42e', '财务专责', 'fin', '8', null, null, '2015-09-12 15:13:26', null, '2015-07-20 00:00:00');
INSERT INTO `role_p` VALUES ('402882a74fc979e0014fcb6019830000', 'test', 'test', null, null, null, '2015-09-14 18:21:57', null, '2015-09-14 18:21:57');
INSERT INTO `role_p` VALUES ('4028b8814fc0fcfc014fc107e8220000', 'PlayStation4', '管理', null, null, null, '2015-09-12 18:09:25', null, '2015-09-12 18:09:25');
INSERT INTO `role_p` VALUES ('46baae1c55d045f4811d6dd5fbd002a3', '合同专责', 'contract', '3', null, null, '2015-09-12 15:12:58', null, '2015-07-20 00:00:00');
INSERT INTO `role_p` VALUES ('56968c84e96c42ad968432884fbac0d5', '财务经理', 'financial', '7', null, null, '2015-09-12 15:13:21', null, '2015-07-20 00:00:00');
INSERT INTO `role_p` VALUES ('5bcd6c2472b940f4b80bbe0bf49d8d2c', '总经理', 'sysadmin', '1', null, null, '2015-09-12 15:12:49', null, '2015-07-20 00:00:00');
INSERT INTO `role_p` VALUES ('66cfe49d89a244e4a89b70ceba8ecfb3', '销售专责', 'sale', '4', null, null, '2015-09-12 15:13:03', null, '2015-07-20 00:00:00');
INSERT INTO `role_p` VALUES ('a060049f67ce4c67977cb5ea466c029e', '报运经理', 'transportation', '5', null, null, '2015-09-12 15:13:13', null, '2015-07-20 00:00:00');
INSERT INTO `role_p` VALUES ('d052aaa0201345dc9cc31d3a9b5740fb', '报运专责', 'trans', '6', null, null, '2015-09-12 15:13:17', null, '2015-07-20 00:00:00');
INSERT INTO `role_p` VALUES ('d959bffc5a554cc8bc04ae0417ee9309', '销售经理', 'salemanager', '2', null, null, '2015-09-12 15:12:54', null, '2015-07-20 00:00:00');

-- ----------------------------
-- Table structure for role_user_p
-- ----------------------------
DROP TABLE IF EXISTS `role_user_p`;
CREATE TABLE `role_user_p` (
  `USER_ID` varchar(255) NOT NULL,
  `ROLE_ID` varchar(255) NOT NULL,
  PRIMARY KEY (`ROLE_ID`,`USER_ID`),
  KEY `FK4F1B5CC52C0E8218` (`ROLE_ID`),
  KEY `FK4F1B5CC5D13945F8` (`USER_ID`),
  CONSTRAINT `FK4F1B5CC52C0E8218` FOREIGN KEY (`ROLE_ID`) REFERENCES `role_p` (`ROLE_ID`),
  CONSTRAINT `FK4F1B5CC5D13945F8` FOREIGN KEY (`USER_ID`) REFERENCES `user_p` (`USER_ID`)
) ENGINE=InnoDB DEFAULT CHARSET=utf8;

-- ----------------------------
-- Records of role_user_p
-- ----------------------------
INSERT INTO `role_user_p` VALUES ('634aaacd-0940-46d1-9bda-083aadf9699d', '15a34c4b5eab42f6886d2496bd4cd42e');
INSERT INTO `role_user_p` VALUES ('634aaacd-0940-46d1-9bda-083aadf9699d', '402882a74fc979e0014fcb6019830000');
INSERT INTO `role_user_p` VALUES ('a9fa497e-cb1a-4f3a-967d-e4b09cab8a78', '402882a74fc979e0014fcb6019830000');
INSERT INTO `role_user_p` VALUES ('2501a481-bb88-491b-8b36-037ff3fca190', '4028b8814fc0fcfc014fc107e8220000');
INSERT INTO `role_user_p` VALUES ('37059898-4b7a-43b0-9dbc-f25481427c75', '4028b8814fc0fcfc014fc107e8220000');
INSERT INTO `role_user_p` VALUES ('634aaacd-0940-46d1-9bda-083aadf9699d', '4028b8814fc0fcfc014fc107e8220000');
INSERT INTO `role_user_p` VALUES ('689425e9-f80a-4c06-bfeb-11bc9a087106', '4028b8814fc0fcfc014fc107e8220000');
INSERT INTO `role_user_p` VALUES ('f399f20a-a6ed-42f9-816a-6a8a1cd638c9', '4028b8814fc0fcfc014fc107e8220000');
INSERT INTO `role_user_p` VALUES ('634aaacd-0940-46d1-9bda-083aadf9699d', '46baae1c55d045f4811d6dd5fbd002a3');
INSERT INTO `role_user_p` VALUES ('634aaacd-0940-46d1-9bda-083aadf9699d', '56968c84e96c42ad968432884fbac0d5');
INSERT INTO `role_user_p` VALUES ('634aaacd-0940-46d1-9bda-083aadf9699d', '5bcd6c2472b940f4b80bbe0bf49d8d2c');
INSERT INTO `role_user_p` VALUES ('634aaacd-0940-46d1-9bda-083aadf9699d', '66cfe49d89a244e4a89b70ceba8ecfb3');
INSERT INTO `role_user_p` VALUES ('634aaacd-0940-46d1-9bda-083aadf9699d', 'a060049f67ce4c67977cb5ea466c029e');
INSERT INTO `role_user_p` VALUES ('634aaacd-0940-46d1-9bda-083aadf9699d', 'd052aaa0201345dc9cc31d3a9b5740fb');
INSERT INTO `role_user_p` VALUES ('634aaacd-0940-46d1-9bda-083aadf9699d', 'd959bffc5a554cc8bc04ae0417ee9309');

-- ----------------------------
-- Table structure for shipping_order_c
-- ----------------------------
DROP TABLE IF EXISTS `shipping_order_c`;
CREATE TABLE `shipping_order_c` (
  `SHIPPING_ORDER_ID` varchar(40) NOT NULL COMMENT '等于PACKING_LIST_ID',
  `ORDER_TYPE` varchar(10) DEFAULT NULL COMMENT 'SEA海运AIR空运',
  `SHIPPER` varchar(200) DEFAULT NULL,
  `CONSIGNEE` varchar(200) DEFAULT NULL,
  `NOTIFY_PARTY` varchar(200) DEFAULT NULL,
  `LC_NO` varchar(30) DEFAULT NULL,
  `PORT_OF_LOADING` varchar(30) DEFAULT NULL,
  `PORT_OF_TRANS` varchar(30) DEFAULT NULL,
  `PORT_OF_DISCHARGE` varchar(30) DEFAULT NULL,
  `LOADING_DATE` datetime DEFAULT NULL,
  `LIMIT_DATE` datetime DEFAULT NULL,
  `IS_BATCH` char(1) DEFAULT NULL COMMENT '1是0否',
  `IS_TRANS` char(1) DEFAULT NULL COMMENT '1是0否',
  `COPY_NUM` varchar(20) DEFAULT NULL,
  `REMARK` varchar(200) DEFAULT NULL,
  `SPECIAL_CONDITION` varchar(200) DEFAULT NULL,
  `FREIGHT` varchar(200) DEFAULT NULL,
  `CHECK_BY` varchar(30) DEFAULT NULL,
  `STATE` int(11) DEFAULT NULL COMMENT '0草稿 1已上报',
  `CREATE_BY` varchar(40) DEFAULT NULL,
  `CREATE_DEPT` varchar(40) DEFAULT NULL,
  `CREATE_TIME` datetime DEFAULT NULL,
  PRIMARY KEY (`SHIPPING_ORDER_ID`),
  CONSTRAINT `FK_Reference_10` FOREIGN KEY (`SHIPPING_ORDER_ID`) REFERENCES `packing_list_c` (`PACKING_LIST_ID`)
) ENGINE=InnoDB DEFAULT CHARSET=utf8 COMMENT='和装箱单一对一';

-- ----------------------------
-- Records of shipping_order_c
-- ----------------------------
INSERT INTO `shipping_order_c` VALUES ('67867c6e-6579-4129-a1b0-3314c4f7a883', '1', '1', '1', '1', '1', '1', '1', '1', '2015-09-22 00:00:00', '2015-09-22 00:00:00', '0', '0', '1', '1', '1', '1', '1', '0', '634aaacd-0940-46d1-9bda-083aadf9699d', '4028b8814fb1fef0014fb1fef2570000', '2015-09-22 22:05:18');

-- ----------------------------
-- Table structure for user_info_p
-- ----------------------------
DROP TABLE IF EXISTS `user_info_p`;
CREATE TABLE `user_info_p` (
  `USER_INFO_ID` varchar(255) NOT NULL,
  `MANAGER_ID` varchar(255) DEFAULT NULL,
  `NAME` varchar(255) DEFAULT NULL,
  `JOIN_DATE` datetime DEFAULT NULL,
  `SALARY` double DEFAULT NULL,
  `BIRTHDAY` datetime DEFAULT NULL,
  `GENDER` varchar(255) DEFAULT NULL,
  `STATION` varchar(255) DEFAULT NULL,
  `TELEPHONE` varchar(255) DEFAULT NULL,
  `DEGREE` int(11) DEFAULT NULL,
  `REMARK` varchar(255) DEFAULT NULL,
  `ORDER_NO` int(11) DEFAULT NULL,
  `CREATE_BY` varchar(255) DEFAULT NULL,
  `CREATE_DEPT` varchar(255) DEFAULT NULL,
  `CREATE_TIME` datetime DEFAULT NULL,
  `UPDATE_BY` varchar(255) DEFAULT NULL,
  `UPDATE_TIME` datetime DEFAULT NULL,
  PRIMARY KEY (`USER_INFO_ID`),
  KEY `FK2BF43F36EB6FED6` (`MANAGER_ID`),
  CONSTRAINT `FK2BF43F36EB6FED6` FOREIGN KEY (`MANAGER_ID`) REFERENCES `user_p` (`USER_ID`)
) ENGINE=InnoDB DEFAULT CHARSET=utf8;

-- ----------------------------
-- Records of user_info_p
-- ----------------------------
INSERT INTO `user_info_p` VALUES ('2501a481-bb88-491b-8b36-037ff3fca190', 'a9fa497e-cb1a-4f3a-967d-e4b09cab8a78', '赵经理', '2015-09-07 00:00:00', '90000', '2015-09-22 00:00:00', '1', '无', '18841488118', '3', '无', '181', null, null, null, null, null);
INSERT INTO `user_info_p` VALUES ('37059898-4b7a-43b0-9dbc-f25481427c75', null, '李总', '2015-09-16 00:00:00', '99999', '2015-09-21 00:00:00', '1', '无', '1879999999', '3', 'a', '102', null, null, null, null, null);
INSERT INTO `user_info_p` VALUES ('634aaacd-0940-46d1-9bda-083aadf9699d', 'jsjsjjjsjsjajajajaj', '赵日天', '2010-07-07 00:00:00', '20000', '1990-04-18 00:00:00', '1', '财会专员', '13323432233', '1', '我叫赵日天', '208', null, null, null, null, null);
INSERT INTO `user_info_p` VALUES ('689425e9-f80a-4c06-bfeb-11bc9a087106', '37059898-4b7a-43b0-9dbc-f25481427c75', 'ksks', '2015-09-03 00:00:00', '20000', '2015-09-22 00:00:00', '1', '无', '13323432221', '4', '1', '208', null, null, null, null, null);
INSERT INTO `user_info_p` VALUES ('788bc8bd-8d3b-4272-ace9-43732ae3aa0f', null, 'jianjian', '2015-11-13 00:00:00', '3000', '2015-11-13 00:00:00', '1', 'sss', '13323432221', '4', '无说明', '123', null, null, null, null, null);
INSERT INTO `user_info_p` VALUES ('a9fa497e-cb1a-4f3a-967d-e4b09cab8a78', '634aaacd-0940-46d1-9bda-083aadf9699d', 'jjk', '2015-09-15 00:00:00', '20000', '1990-04-18 00:00:00', '1', '财会专员', '13323432233', '4', 'hhj', '209', null, null, null, null, null);
INSERT INTO `user_info_p` VALUES ('b13ec714-2b8f-410d-b4c5-08b63c8b574d', null, 'jianjian', '2015-11-13 00:00:00', '3000', '2015-11-13 00:00:00', '1', 'sss', '13323432221', '4', '无说明', '123', null, null, null, null, null);
INSERT INTO `user_info_p` VALUES ('f399f20a-a6ed-42f9-816a-6a8a1cd638c9', '37059898-4b7a-43b0-9dbc-f25481427c75', 'jjk', '2015-09-22 00:00:00', '11111', '2015-09-14 00:00:00', '1', '财会专员', '1879999999', '4', '1', '101', null, null, null, null, null);

-- ----------------------------
-- Table structure for user_p
-- ----------------------------
DROP TABLE IF EXISTS `user_p`;
CREATE TABLE `user_p` (
  `USER_ID` varchar(255) NOT NULL,
  `DEPT_ID` varchar(255) DEFAULT NULL,
  `USER_NAME` varchar(255) DEFAULT NULL,
  `PASSWORD` varchar(255) DEFAULT NULL,
  `STATE` int(11) DEFAULT NULL,
  `CREATE_BY` varchar(255) DEFAULT NULL,
  `CREATE_DEPT` varchar(255) DEFAULT NULL,
  `CREATE_TIME` datetime DEFAULT NULL,
  `UPDATE_BY` varchar(255) DEFAULT NULL,
  `UPDATE_TIME` datetime DEFAULT NULL,
  PRIMARY KEY (`USER_ID`),
  KEY `FK95BE28DC369F7BB8` (`DEPT_ID`),
  CONSTRAINT `FK95BE28DC369F7BB8` FOREIGN KEY (`DEPT_ID`) REFERENCES `dept_p` (`dept_id`)
) ENGINE=InnoDB DEFAULT CHARSET=utf8;

-- ----------------------------
-- Records of user_p
-- ----------------------------
INSERT INTO `user_p` VALUES ('2501a481-bb88-491b-8b36-037ff3fca190', '4028b8814fb26052014fb260549b0000', 'manager1', '80653c1eda882187b94b8793c5aad0ee', '1', null, null, null, null, null);
INSERT INTO `user_p` VALUES ('37059898-4b7a-43b0-9dbc-f25481427c75', '4028b8814fb26052014fb260549b0000', 'manager2', 'd47cc0f962ae759e0bc9441f53e54a89', '1', null, null, null, null, null);
INSERT INTO `user_p` VALUES ('634aaacd-0940-46d1-9bda-083aadf9699d', '4028b8814fb1fef0014fb1fef2570000', 'daydayfuck', 'e9773e70af03ec72798c7890bc72a258', '1', null, null, null, null, null);
INSERT INTO `user_p` VALUES ('689425e9-f80a-4c06-bfeb-11bc9a087106', '4028b8814fb26052014fb260549b0000', 'common3', 'ff9d53ac4cc0d0a1a31fdf25b6b461ce', '1', null, null, null, null, null);
INSERT INTO `user_p` VALUES ('788bc8bd-8d3b-4272-ace9-43732ae3aa0f', '4028b8815100229e0151007c54da0000', 'jianjian', '9728a2823bf0907a0a16f844bb99a17c', '0', null, null, null, null, null);
INSERT INTO `user_p` VALUES ('a9fa497e-cb1a-4f3a-967d-e4b09cab8a78', '402882a74fb6f0be014fb6f144590000', 'jjk', 'b2bd141b3e5d13561b465f3dfc7ae2a7', '1', null, null, null, null, null);
INSERT INTO `user_p` VALUES ('b13ec714-2b8f-410d-b4c5-08b63c8b574d', '4028b8815100229e0151007c54da0000', 'jianjian', '9728a2823bf0907a0a16f844bb99a17c', '0', null, null, null, null, null);
INSERT INTO `user_p` VALUES ('f399f20a-a6ed-42f9-816a-6a8a1cd638c9', '4028b8814fb26052014fb260549b0000', 'common2', '44c8415ebbd1ed135c6ec73f6e3349da', '1', null, null, null, null, null);
INSERT INTO `user_p` VALUES ('jsjsjjjsjsjajajajaj', null, 'aj', 'e9773e70af03ec72798c7890bc72a258', '1', null, null, null, null, null);
